时间,公司名,行业,轮次,金额,投资方,最新估值(估算)(万),标签,基本信息,团队信息
2022-03-21,深度视觉,先进制造,A轮,1亿人民币,"通用创投（领投）, 惠友资本, 中关村启航基金, 高通Qualcomm Ventures",50000,先进制造、工业4.0、工业4.0,杭州深度视觉是一家工业检测领域解决方案提供商，利用分布式运算、人工智能、大数据等技术，面向传统汽车零部件、航空零部件、新能源、纺织、3C等领域用户，提供高精度外观检测的解决方案，帮助用户解决工业检测问题。,王帅林 创始人 王帅林，深度视觉创始人。 
2022-03-18,东岛新能源,传统制造,战略投资,未透露,基石资本,50000,传统制造、化工产业、新材料,东岛新能源是一家电池材料生产商，主要从事锂离子动力电池负极材料、正极材料、锂电池电解质材料、动力电池负极包覆材料等产品的生产，致力于为用户提供一体化的锂电池整体制造方案。,暂未收录该公司团队信息 请告诉我们，让我们做得更好 
2022-03-18,莱特光电,先进制造,IPO上市,8.874亿人民币,,887300,先进制造、新材料、电子元器件,莱特光电是一家光电材料研发制造商，专业从事OLED材料、液晶材料、高纯电子化学品及专用化学品的研发、生产及销售，主要产品包括OLED材料及中间体、液晶单体及中间体、高纯电子化学及专用化学品等，应用于OLED/LCD产业、集成电路产业、太阳能光伏产业等。,王亚龙 董事长 王亚龙，1996年7月毕业于西北大学，学士学位，西安交通大学EMBA在读；1996年-1998年任咸阳偏转集团国际贸易部客户经理；1999年-2001年任咸阳偏转集团国际贸易部部门经理；2001年-2008年任陕西鸿瑞贸易有限公司总经理；2008年-2011年任中外合资企业陕西捷盈电子科技有限公司总经理。 
2022-03-18,深源技术,先进制造,天使轮,千万级人民币,聚合资本,5000,先进制造、新能源、新能源,"深源技术是一家储能PCS厂商，通过加高频隔离的ACDC或DCDC变换器，可以无限扩容；安全方面，通过高频变压器把危险电压和电池物理隔开；电池寿命方面，通过深源技术专利技术加持，解决了因锂电池均衡性带来的容量衰减、寿命变短问题。储能产品主要覆盖1-100kW储能PCS，具有高频隔离双向、超高效率（>96%）、多功能（充电/并网/离网）、超宽电压范围等特点。
",向小路 董事长 向小路，深源技术董事长。 
2022-03-16,忱芯科技,先进制造,Pre-A轮,近亿人民币,"东方嘉富（领投）, 原子创投",50000,先进制造、集成电路、新能源,忱芯科技是一家碳化硅功率半导体模块及应用解决方案提供商，主要为终端客户提供包括碳化硅功率半导体模块、驱动电路和碳化硅电力电子系统应用服务在内完整的“模块+”定制化应用解决方案，产品主要应用于航空、新能源发电、高端医疗以及石油开采等领域。,暂未收录该公司团队信息 请告诉我们，让我们做得更好 
2022-03-15,致德新能源,先进制造,B轮,未透露,"普华资本（领投）, 华睿投资",15000,先进制造、新能源、新能源,"致德新能源是一家锂电池用高容量硅负极材料研发商，专注于锂电池用高容量硅负极材料研发、生产及销售。致德新材以其强劲的研发实力，整合硅、碳领域的资源及技术，合成了新型硅碳负极材料，确保客户能够生产出性能更好的电池。目前公司已掌握了核心硅碳材料的低成本纳米化制备技术，同时通过自研核心设备打破了国外龙头对硅碳负极的硬件垄断，实现了低成本高品质的全产业链布局。
",房冰 董事长 房冰，致德新能源董事长。 
2022-03-14,星恒电源,先进制造,战略投资,9.5亿人民币,深创投,475000,先进制造、新能源、制造业,星恒电源股份有限公司成立于2003年12月，注册资金2.62亿元人民币。公司专注于以锰酸锂为正极材料的动力锂电池的开发，生产和销售，年产能5GWh，是国内知名的动力锂电池高新技术企业。通过15年的科技成功转化，星恒已为全球800万终端用户、4.5万多辆电动汽车提供产品和服务，并为全球新能源汽车提供动力电源解决方案。,陈立泉 创始人 陈立泉，星恒技术创始人，中科院与星恒联合实验室负责人；中国工程院院士，中国唯一的电池领域院士；曾荣获国家自然科学一等奖和国家有突出贡献中青年专家称号，发表论文200余篇，申报专利60余项；在国内首先研制成功锂离子电池，建成我国第一条锂离子电池中试生产线；为我国锂电池的研究、开发和产业化群体的形成奠定了坚实的基础。 黄学杰 首席科学家 黄学杰，星恒首席科学家，星恒创始人，中国锂电池的领军人物，中国科学院物理研究所研究员；1993年毕业于荷兰Delft技术大学获博士学位，代表物理所锂离子电池研究方面在国际期刊发表多篇论文；承担“863”新材料领域“锂离子电池关键材料”项目和“863”电动汽车重大专项“车用动力型锂离子电池”项目。 
2022-03-14,高能时代,先进制造,A轮,5000万人民币,"同创伟业（领投）, 中金资本, 欣旺达, 珠海高新创投",25000,先进制造、新能源、新能源,"高能时代是一家全固态锂电池研发商，致力于研发全固态锂电池产品。
",罗明 创始人 罗明，高能时代创始人。 
2022-03-11,博创宏远,先进制造,战略投资,1.13亿人民币,明冠新材,56500,先进制造、新能源、新能源,"博创宏远是一家锂电池正极材料研发商，研发、生产和销售锂电池正极材料及其原材料。
",赵杰 CEO  赵杰，博创宏远新材料有限公司总经理。 
2022-03-09,浙江恒威,先进制造,IPO上市,8.608亿人民币,,321400,先进制造、新能源、电池,"恒威电池是一家电池制造商，主要从事于高性能环保碱性电池和环保碳性电池的研发、生产及销售，产品有五号、七号碱性电池等，通过了质量管理体系认证IS09001:2015标准，并且业务范围遍布欧洲、美国、日韩等国家与地区。
",汪剑平 董事长 汪剑平，恒威电池的实控人之一。 
2022-03-09,联元智能科技,先进制造,B轮,5000万人民币,红杉资本中国,50000,先进制造、新能源、物联网,联元智能科技是一家创新型能源互联网综合增值服务商，公司依托资本和能源物联网平台，通过运用大数据、社交网络、机器学习和云计算等技术手段开发产品和解决方案，为有志于推动能源互联网生态演化并分享其巨大红利的源、网、荷、储等生态成员提供咨询、投资、数字化转型、增值运营等服务，旨在促进绿色能源消费，提升能源使用效率，释放共享经济潜力。,黄伟 执行董事 黄伟，上海联元智能科技有限公司创始人 
2022-03-08,协鑫能科,先进制造,IPO上市后,37.65亿人民币,"财通基金, 中信证券, JPMorgan摩根大通, 诺德基金, 广发证券, 博芮投资, 蜀道集团, 贵阳产控集团, 创朴新材料, 兴联城投资, 信达慧理财, 银河资本, 扬子江船业",1882500,先进制造、新能源、新材料,协鑫能科是一家移动能源服务商，系协鑫（集团）控股有限公司旗下控股企业。公司聚焦换电站一体化解决方案、换电站运营及能源服务、电池梯次利用三大业务。为用户提供清洁能源生产的电、热、冷等能源产品，同时稳步开展综合能源服务，为用户提供配售电、储能、能效管理、能源大数据等服务，独创“源-网-售-用-云”能源互联新模式，为用户提供智慧能源服务及一体化综合能源解决方案。,暂未收录该公司团队信息 请告诉我们，让我们做得更好 
2022-03-08,太蓝新能源,先进制造,A+轮,未透露,碧桂园创投,10000,先进制造、新能源、新能源,太蓝新能源是一家新兴能源技术研发商，专注于新兴能源、资源再生利用以及电子专用材料技术研发，为用户提供电池销售、蓄电池租赁、石墨及碳素制品销售等服务。,暂未收录该公司团队信息 请告诉我们，让我们做得更好 
2022-03-07,慧能泰,先进制造,B轮,数千万人民币,"华勤通讯, 龙旗科技",15000,先进制造、集成电路、新能源,慧能泰是一家混合信号芯片开发商，专注于高性能模拟和混合集成电路开发的定义、开发和商业化推广，主营以为分为USB接口与电池管理系统和智能化数字控制能源转换系统两大类，旗下产品可应用于新能源管理、智能化LED调光控制等领域。,暂未收录该公司团队信息 请告诉我们，让我们做得更好 
2022-03-04,众钠能源,先进制造,战略投资,未透露,碧桂园创投（领投）,50000,先进制造、新能源、电池,"众钠能源是一家钠离子电池研发商，该公司专注于钠离子电池研发领域，开发出多款钠离子电池正极材料的全套制备技术，其产品包括软包电池样品等。
",夏刚 创始人 夏刚，众钠能源创始人。 
2022-03-03,挚达科技,传统制造,战略投资,未透露,比亚迪,50000,传统制造、环保、环保,挚达科技是一家新能源汽车智能充电产品研发商，通过充电产品和车联网智能硬件的研发，结合电动汽车充电和绿色出行开放式共享平台，与电动汽车厂家及运营商，解决电动汽车用户出行问题。,黄志明 创始人 同济大学汽车系本科，复旦大学-香港大学IMBA，同济大学经济与管理学院博士，同济大学创新与创业兼职教授，德国联邦电动出行协会中国区主席，上海绿色出行服务产业创新联盟副理事长、秘书长，拥有上海大众汽车及大众动力总成12年工作经验，先后担任现场工程师、公司技术员、技术部门经理、规划及物流部总监等职务； 
2022-03-02,意美旭,先进制造,战略投资,数亿人民币,隆基股份,150000,先进制造、新能源、新能源,意美旭是一家光伏智能数字化整体解决方案公司，公司核心为自主研发智能优化系列产品，包括组件级MPPT智能优化芯片、智能优化器、智能组件和智能电站运维系统。,暂未收录该公司团队信息 请告诉我们，让我们做得更好 
2022-03-02,中能锂电,先进制造,A轮,未透露,"金浦投资, 秀强股份, 金库资本, 无锡金投, 华睿资本",10000,先进制造、新能源、电池,中能锂电是一家锂电池应用和解决方案提供商，是一家为全球用户提供锂电池组、家庭储能系统、工商业储能系统、公共事业级储能系统定制化解决方案和产品的高新技术绿色能源企业。,秦嘉毅 创始人  秦嘉毅，中能锂电执行董事。 
2022-02-28,欣旺达电动,汽车交通,战略投资,24.3亿人民币,"小鹏汽车, IDG资本, 理想汽车, 蔚来资本, OPPO, 粤民投, 尚颀资本, 上汽恒旭, 天壹资本, 广汽集团, 华金资本(力合股份), 碧桂园创投, 深创投, 华友控股, 鑫旺绿色新能源投资, 东风资产, 东风交银汽车基金",1240000,汽车交通、汽车零部件、汽车配件,欣旺达电动是欣旺达电子股份有限公司子公司。致力于通过先进的锂电池集成技术，为中国乃至全球新能源车企提供电动汽车电池包解决方案。建立了电动汽车电池包领域完整的研发、制造能力，拥有完全自主知识产权的电池管理系统（BMS），高度自动化电芯分选、模组成组和电池包装配全自动化生产线。与众多知名汽车厂商建立了深度合作关系，为海内外整车纯电动/混动电池系统的研发及制造提供了整套解决方案。,王明旺 董事长 王明旺，1997年12月创立欣旺达有限公司，现任旺达电子股份有限公司董事长。自1993 年涉足电池模组行业以来，王明旺带领欣旺达公司成为苹果、联想等知名电子品牌厂商的锂电池供应商，更带领公司于2011年4月21日在深交所创业板上市， 股票代码为300207 。他1991年毕业于中山大学。 
2022-02-25,爱德曼氢能,先进制造,B轮,4亿人民币,"元禾控股（领投）, 华控基金（领投）, 麒盛科技, 上海城投, 兴产基金, 台州资管",400000,先进制造、新能源、新能源,爱德曼氢能是一家氢燃料汽车动力系统解决方案提供商，公司业务包括研发和生产金属双极板、膜电极、质子膜燃料电池（PEMFC），是以燃料电池系统为核心部件的氢燃料汽车动力系统解决方案提供商之一。,徐黎明 创始人 徐黎明，爱德曼氢能源创始人、董事长。 
2022-02-25,能量奇点,先进制造,天使轮,4亿人民币,"米哈游（领投）, 蔚来资本（领投）, 红杉种子基金, 蓝驰创投",200000,先进制造、新能源、新能源,能量奇点是一家聚变设备运行控制软件研发商，聚焦于研制有商业发电潜力的高磁场、高参数、标准化的高温超导托卡马克装置及其运行控制软件系统，致力于探索可商业化的聚变能源技术，为未来商业聚变发电堆提供高性价比、高可靠性的核心组件和服务，并最终实现人类能源自由。,杨钊 CEO 杨钊，能量奇点联合创始人、CEO。本科毕业于北大物理系，博士毕业于斯坦福大学理论物理和人工智能交叉方向。回国后，曾创办AI+钢琴项目元悦科技。 叶雨明 联合创始人 叶雨明，光信资本合伙人，能量奇点联合创始人。在创办光信资本之前，叶先生任职于KKR。叶先生毕业于清华大学，获得工学学士学位和管理学硕士学位。主要关注电商、游戏、智能硬件、消费医疗等领域，投资案例包括：有壹手、账贷通、每日优鲜、瓜子二手车、Ucloud、挖财、美利金融等。 
2022-02-21,力高技术,汽车交通,C轮,未透露,普华资本,25000,汽车交通、汽车零部件、电动车,力高是一家新能源汽车电控系统提供商，覆盖电池管理、电池成组、电力驱动、充电设备等领域。,暂未收录该公司团队信息 请告诉我们，让我们做得更好 
2022-02-21,First Light Fusion,先进制造,C轮,4500万美元,"Hostplus, 腾讯投资, Oxford Science Enterprises, IP Group plc, Braavos Capital",146250,先进制造、新能源、新能源,First Light Fusion是一家英国核聚变技术研发商，主要利用惯性约束聚变技术来进行能源发电，并通过使用高速射弹压缩技术来产生聚变所需的温度和压力，从而满足全球能源系统脱碳的需求，致力于为行业用户提供安全且清洁的新能源及服务。,暂未收录该公司团队信息 请告诉我们，让我们做得更好 
2022-02-17,泰吉诺,先进制造,A+轮,未透露,英诺天使基金,10000,先进制造、新材料、新材料,泰吉诺旨在提供芯片层级用电子材料整体解决方案，专注于研发、制造、销售高端导热界面材料（TIM1、TIM1.5&TIM2）、导热吸波复合材料，为客户提供一体化解决方案，解决电子行业产品“热点”及“痛点”问题，产品包含导热垫片、导热绝缘片、导热单/双组份凝胶、导热脂、导热相变化材料、液态金属材料、导热吸波复合材料，产品广泛应用于电信、数据通讯、手机、计算机、通用电子装置、网络设备、航空航天、国防、汽车电子以及医疗设备等领域。,暂未收录该公司团队信息 请告诉我们，让我们做得更好 
2022-02-16,Britishvolt,先进制造,C轮,2亿英镑,"花旗银行Citibank, 嘉能可（领投）, 美国银行, Peel Hunt",880000,先进制造、新能源、新能源,Britishvolt是一家英国新能源汽车电池管理提供商，该公司通过制造低碳新能源电池，致力于为其电动汽车提供新能源电池动力、电池储能等业务。,暂未收录该公司团队信息 请告诉我们，让我们做得更好 
2022-02-14,如鲲新材料,先进制造,战略投资,1.2亿人民币,中保投资,60000,先进制造、新能源、电池,"如鲲新材料是一家锂电池电解液开发商，主要从事锂电池电解液添加剂、半导体相关的高端电子化学品材料以及功能性高分子材料单体的研发、生产和销售。公司是双氟磺酰亚胺锂（LiFSI）重要生产商，主要产品有二氟草酸硼酸锂、二氟磷酸锂、二草酸硼酸锂、双氟磺酰亚胺锂等，并生产其他电子化学品。
",杨斌 董事长 杨斌，如鲲新材料董事长。 
2022-02-10,智绿环保,汽车交通,C轮,1亿人民币,"小米长江产业基金（领投）, 涌铧投资, 元禾控股, 领军创投",100000,汽车交通、汽车零部件、汽车配件,智绿环保是一家新能源汽车电气系统供应商，公司专注于电动汽车领域大功率电子器件、高压连接、配电管理的技术研发、生产及提供整车系统的解决方案；服务从动力电池、驱动电机、三电技术到整车制造、充换电设施整个新能源汽车产业链。,"尹家彤 CEO 尹家彤，智绿chilye CEO，汽车工程学会电动汽车分会会员，国内早期从事电动汽车零部件的研发工作的专家之一，多项电动汽车行业标准的起草人；曾创立“多思达科技”，研发的电动汽车充电连接器在2010年占国内75%以上市场份额；个人申请专利超过15项。
 "
2022-02-10,东微半导体,先进制造,IPO上市,21.9亿人民币,,876000,先进制造、集成电路、新能源,东微半导体是一家技术驱动型的半导体技术公司，在作为半导体核心技术的器件领域有深厚的技术积累，专注半导体器件技术创新，拥有多项半导体器件核心专利。 2013年下半年，东微半导体原创的半浮栅器件的技术论文在美国《科学》期刊上发表，标志着首次国内科学家在半导体核心技术方向获得的重大突破。新闻联播、人民日报等媒体均进行了头条重点报道，引起了国内外业界的高度关注。2016年东微自主研发的新能源汽车直流大功率充电桩用核心芯片成功量产，打破国外厂商垄断。目前，东微半导体已成为国内高性能功率半导体领域的领头羊，在新能源领域替代进口半导体产品迈出了坚实一步，产品进入多个国际一线客户，受到客户一致好评。,暂未收录该公司团队信息 请告诉我们，让我们做得更好 
2022-02-09,江苏三杰,先进制造,战略投资,未透露,长虹能源,50000,先进制造、新能源、环保,江苏三杰是一家锂电池产品研发生产商，定位在18650圆柱形动力锂离子电池领域，致力于高品质高端锂电池的开发和应用。,杨清欣 董事长兼总经理 在“泰州市第四届创业富民大赛”中喜获“十佳创业标兵”称号。 
2022-02-09,恩力动力,先进制造,A轮,1亿人民币,"微光创投（领投）, 博润资本, 绿动资本—中美绿色基金, 势能资本, 元诺天承",50000,先进制造、新能源、电池,上海恩力动力技术有限公司是恩力能源科技有限公司的关联企业，专注于下一代高性能动力电池（全固态电池）研发、产业化及销售的初创企业。,暂未收录该公司团队信息 请告诉我们，让我们做得更好 
2022-02-07,启源芯动力,先进制造,战略投资,数千万人民币,宁德时代,15000,先进制造、新能源、充电桩,启源芯动力是国家电力投资集团有限公司旗下专注“绿电交通”领域的综合智慧能源服务商，主营电动重卡、电池资产管理以及充换电业务等绿色交通领域的新产业和新业态，业务包括新能源技术服务、电动汽车充电站与换电站的建设和营运、新能源汽车电池、零部件及机械设备的销售和租赁等。,暂未收录该公司团队信息 请告诉我们，让我们做得更好 
2022-02-03,电管家,传统制造,A+轮,未透露,"朱雀投资, 国网英大产业投资基金管理, 南网资本",10000,传统制造、公用事业、新能源,电管家是一家电力管理服务平台，以客户为中心自主研发“电管家”各类管理服务平台，致力于为广大客户提供全方位的电力能源托管变电站24小时运维、全天候抢修、供电配套建设、光伏发电及分布式能源并网、储能技术运用和售电服务。,暂未收录该公司团队信息 请告诉我们，让我们做得更好 
2022-01-29,憬知梦蓝,先进制造,天使轮,数千万人民币,毅达资本（领投）,15000,先进制造、新能源、新能源,"憬知梦蓝是一家可再生能源解决方案提供，主要致力于为国内外客户提供自主创新的可再生能源解决方案。当前主要产品为拥有多项自主知识产权的海上漂浮式激光雷达测风系统平台，应用于海上风电场风资源勘查、风功率曲线验证以及海洋气象水文监测、远海供电与通讯等领域。
",宋励奋 CEO 宋励奋，憬知梦蓝CEO。 
2022-01-28,金石能源,先进制造,战略投资,数亿人民币,"比亚迪, 北京能源集团, 中金佳泰, 厦门国贸控股, 兴业资产, 中金资本",150000,先进制造、新能源、新能源,金石能源是一家高效太阳电池装备与技术公司，主要从事HDT高效太阳电池产业化生产设备及整套生产线“交钥匙工程”的研发、制造、销售及综合服务，致力于成为高效异质结太阳电池及高端光伏装备的世界级企业。,林朝晖 创始人 林朝晖，福建金石能源创始人、董事长。 
2022-01-27,辉能科技,先进制造,战略投资,近亿欧元,Daimler戴姆勒,390000,先进制造、集成电路、可穿戴设备,辉能科技是一家电源产品研发商， 在2013年实现了固态锂电池的商业化量产，早期应用于消费电子领域，近年来应用于新能源汽车领域。公司的产品包括柔型锂电池、超薄锂电池、异形锂电池等，可应用于通信、交通等领域，同时公司的业务还包括为便携式电子通讯设备、电动交通工具、柔性可穿戴设备提供定制化的电源产品解决方案。,刘强 董事长 刘强，董事长，天津市“千人计划”专家，先后在美国佐治亚大学、克利夫兰州立大学和亚利桑那州立大学从事柔性及微型电池研究。 
2022-01-26,晶科能源,先进制造,IPO上市,97.23亿人民币,,5000000,先进制造、新能源、新能源,晶科能源控股有限公司是一家太阳能光伏企业，为地面电站，商业以及民用客户提供太阳能产品，解决方案和技术服务。,暂未收录该公司团队信息 请告诉我们，让我们做得更好 
2022-01-26,H2Pro,先进制造,B轮,7500万美元,"淡马锡Temasek, Horizons Ventures维港投资, Breakdown Energy Ventures, Yara",243750,先进制造、新能源、新能源,H2Pro是一家以色列E-TAC水分解技术研发商，H2Pro的技术可帮助现代汽车降低制氢成本，从而降低消费者购买氢燃料的成本。,暂未收录该公司团队信息 请告诉我们，让我们做得更好 
2022-01-25,奕东集团,先进制造,IPO上市,19.71亿人民币,,869700,先进制造、新材料、新材料,奕东集团是一家服务于电子信息和新能源产业的大型高科技集团控股企业，秉承“专注精密制造”的工匠精神，提供精密冲压件和塑胶件及其精密模具、各种表面处理、背光源、FPC及其补强板、和新能源精密结构件等产品。,暂未收录该公司团队信息 请告诉我们，让我们做得更好 
2022-01-21,清研皓隆新能源,先进制造,战略投资,未透露,力合科创（力合创投）,50000,先进制造、新能源、新能源,清研皓隆新能源主营新型PTC加热膜产品，产品系列主打工作温度从55度到70度低温自控的产品，该产品主要适用于新能源锂电池热管理系统，从12V到600V的工作电压，从零下50度到80度的工作环境，均能稳定实现低温自控，具有非常高的PTC效率，能真正达到温控作用，不怕干烧，不烧膜，使用寿命长等特点。产品实现PI软板、硅胶板、环氧板等三种形势的封装，与新能源PACK有非常契合的应用场景。,暂未收录该公司团队信息 请告诉我们，让我们做得更好 
2022-01-21,国鸿氢能,先进制造,战略投资,未透露,昌发展,50000,先进制造、新材料、电池,国鸿氢能是一家燃料电池生产商，公司主要产品包括氢燃料电池商用车、纯氢燃料备用电源、氢燃料电池电堆、燃料电池发动机等，产品广泛应用于各种车型、无人机、汽车交通、分布式电站等领域。,暂未收录该公司团队信息 请告诉我们，让我们做得更好 
2022-01-21,博清科技,智能硬件,战略投资,近亿人民币,中国石化,50000,智能硬件、机器人、机器人,博清科技是一家爬行焊接机器人研发商，旗下产品包括无轨导全位置爬行焊接机器人、平面自主移动焊接机器人等，具有自主识别焊缝、弯曲焊缝等功能，主要应用于油气化工、造船业、核电、水电、新能源等领域。,冯消冰 创始人 冯消冰，北京博清科技有限公司董事长 
2022-01-18,澳睿新能源,先进制造,A轮,近亿人民币,"祥峰投资Vertex, 国宏嘉信, 英诺天使基金",50000,先进制造、新能源、新能源,澳睿新能源拥有的高镍三元梯度正极材料等领先技术。,暂未收录该公司团队信息 请告诉我们，让我们做得更好 
2022-01-18,Viridi Parente,先进制造,C轮,9500万美元,,308750,先进制造、新能源、电池,"Viridi Parente是一家美国锂离子电池供应商,该公司声称其开发防止电池热失控的安全技术，可以让锂离子电池系统在几乎任何环境中安全运营。",暂未收录该公司团队信息 请告诉我们，让我们做得更好 
2022-01-17,骥翀氢能,先进制造,A轮,1亿人民币,"中金资本, 江诣创投, 云泽资本, 北京建信投资, 上海蓝氢",50000,先进制造、新能源、新能源,骥翀氢能是一家氢燃料电池电堆解决方案供应商，主要业务涵盖定制化开发、生产制造与销售、电堆相关技术服务等，即电堆实物和技术服务两大类。目前，已完成第一代全国产化金属板电堆马和170系列产品的开发，预计2019年底开始对外销售；同时也已完成第二代金属板电堆马和290产品的方案设计。,付宇 董事长 付宇，骥翀氢能董事长。 
2022-01-12,Xurya,先进制造,A轮,2150万美元,"East Ventures, EV Growth, Saratoga Ventures, Nexus Indonesia, Schneider Electric",69875,先进制造、新能源、新能源,Xurya是一家太阳能服务商，为用户提供提供了一种“无投资”租赁系统，其“一站式解决方案”涵盖PLTS可行性研究、安装、运行和维护等服务。,暂未收录该公司团队信息 请告诉我们，让我们做得更好 
2022-01-11,深度智控,先进制造,战略投资,未透露,腾讯投资,50000,先进制造、新能源、物联网,深度智控是一家智慧能源创新公司，专注于行业领先的节能控制、人工智能AI与物联网IOT，实现能源供给、使用与运维的安全与高效。,常晓敏 CEO 常晓敏，深智控CEO. 
2022-01-11,Ostrom,先进制造,Pre-A轮,440万欧元,"Global Founders Capital, 468 Capital, Übermorgen Ventures, J12 Ventures",17160,先进制造、新能源、新能源,Ostrom是德国一家数字化绿色能源供应商，致力于通过构建未来的能源服务平台，为用户提供每月的灵活电价、无锁定投资和全数字体验服务。,暂未收录该公司团队信息 请告诉我们，让我们做得更好 
2022-01-11,Silicon Ranch,先进制造,战略投资,4亿美元,"Manulife Investment Management, Manulife Infrastructure Fund II",1300000,先进制造、新能源、新能源,Silicon Ranch是一家美国太阳能发电服务提供商，目前公司已落成海军航空站子午线太阳能项目、福特卢普顿太阳能农场、绿色电源EMC等项目，同时公司为用户提供工业、国防等领域的太阳能解决方案。,暂未收录该公司团队信息 请告诉我们，让我们做得更好 
2022-01-07,舜华新能源,先进制造,战略投资,未透露,中石化,50000,先进制造、新能源、新能源,舜华新能源是一家氢能和分布式能源技术研发和推广商，公司的主营业务包括供氢系统及加氢设备研发销售、加氢站设计与工程技术服务、分布式能源动力装置的研发和系统集成等。,高顶云 董事长 高顶云，舜华新能源董事长。 
2022-01-05,智租出行,先进制造,B轮,1.1亿人民币,"钱江摩托（领投）, 徐州润汇",55000,先进制造、新能源、物联网,智租出行是一家新能源领域的创新型物联网科技公司。业务范围包括末端配送智能车辆租售服务、智能充换电柜、新能源智能锂电池、IOT云管理平台服务、线上大数据服务、线下维养服务、金融保险综合解决方案服务等。,暂未收录该公司团队信息 请告诉我们，让我们做得更好 
2022-01-04,中润化学,先进制造,A轮,未透露,汇嘉基金,10000,先进制造、新能源、新能源,"中润化学是一家锂电池溶剂NMP研发生产商。公司为中润达集团旗下子公司，专注于研发生产销售N-甲基吡咯烷酮（NMP），其NMP产能达10万吨，且在环保安全、成本能耗、性能指标都处于全国领先水平，同时与上游原料BDO厂家、下游客户电池厂建立了战略合作关系。
",暂未收录该公司团队信息 请告诉我们，让我们做得更好 
2022-01-03,爱驰汽车AIWAYS,汽车交通,战略投资,数亿人民币,东柏集团,2000000,汽车交通、汽车制造、电动车,爱驰汽车AIWAYS是一家智能电动车制造商，通过运用线上和线下模式组合，以及研发后市场的资源整合，对消费群体提供产品与服务。主要面向普通消费阶层的产品，提倡智能化、电动化、电商化、共享化。,付强 创始人 付强，爱驰汽车创始人、总裁。哈尔滨工业大学技术经济与管理博士生，有资深管理和营销经验，曾推动一汽大众奥迪和上海大众斯柯达品牌在中国的发展。曾任北汽奔驰执行副总裁、沃尔沃汽车中国销售有限公司总裁兼CEO。 谷峰 联合创始人 谷峰，爱驰汽车联合创始人。上海财经大学研究生毕业，管理学博士，教授级高级会计师。曾历任上海汽车工业（集团）总公司财务部副经理、上海汽车集团股份有限公司财务部副经理、资本运营部执行总监、财务总监兼资本运营部执行总监、上海汽车投资管理有限公司总经理、上汽香港投资公司总经理、上汽集团CFO。 陈炫霖 董事长 陈炫霖，爱驰汽车董事长，上海中通瑞德投资集团有限公司董事长，兼任上海万象汽车制造有限公司董事长，目前执掌的中通瑞德投资集团（广微控股）是一家聚焦泛交通产业投资及产业运营的综合性集团，公司产业涉及汽车制造与商贸、通航产业及科技制造领域，主要产业公司为万象汽车、浙江中通控股、亚联公务机等。 张洋 CEO 张洋，爱驰汽车CEO。曾担任蔚来汽车产业发展副总裁等职务，拥有丰富的行业经验和资源。 展开全部 
2021-12-31,厚生新能源,先进制造,战略投资,未透露,"华鼎资本, 国调基金",50000,先进制造、新能源、新能源,"江苏厚生新能源科技有限公司是一家专业研发、生产、销售各种规格的湿法基膜和功能性涂布隔膜的公司。公司所服务的锂离子电池市场，处于清洁能源、节能环保及高效储能相关的关键环节，公司主营业务聚焦于锂离子电池关键材料领域。
",暂未收录该公司团队信息 请告诉我们，让我们做得更好 
2021-12-30,Hydro Wind Energy,先进制造,A轮,5675万美元,The Global Emerging Markets Group,184437.5,先进制造、新能源、新能源,Hydro Wind Energy是英国一家清洁能源研发商，通过风筝和垂直轴风力转子并结合海底海洋压力来利用海上高空风，为用户提供可靠、低成本的清洁电能和电网规模的储能服务，同时还为用户提供手持式海水淡化装置等产品。,暂未收录该公司团队信息 请告诉我们，让我们做得更好 
2021-12-30,氢能公司,先进制造,A+轮,10.8亿人民币,,540000,先进制造、新能源、新能源,"氢能公司是一家氢能产业核心技术开发商，公司积极贯彻落实国家能源战略，依托国家电投产业资源和创新优势，在国家电投整体氢能产业战略布局框架下，高起点、快节奏开展氢能产业关键核心科技创新。致力于通过持续不断的市场化改革和发展，将氢能公司打造成为具有自主核心技术、研发与高端制造一体化、高度市场化的氢能行业领军企业，有力支撑国家电投氢能产业高质量发展。
",暂未收录该公司团队信息 请告诉我们，让我们做得更好 
2021-12-30,锦艺新材料,先进制造,战略投资,未透露,"中电基金（领投）, 晨道投资, 国发创投, 国投创业, 国新国同",50000,先进制造、新材料、新材料,锦艺新材料致力于提供高端无机非金属粉体新材料应用解决方案，是一家集研发、生产、销售、技术服务为一体的国家级高新技术企业。公司聚焦客户关注的压力和挑战，挖掘无机非金属材料的潜能，通过独有的核心技术和核心优势，融合各种有机材料，提供优异功能和低成本分体解决方案，大力拓展在新能源、新材料、环保节能等快速发展领域的应用。,暂未收录该公司团队信息 请告诉我们，让我们做得更好 
2021-12-29,城满电,先进制造,Pre-A轮,8000万人民币,"盈科资本（领投）, 启源投资",40000,先进制造、新能源、新能源,城满电是一家一站式锂电池能源服务方案提供商，专注于开拓锂电池能源的更多应用场景，建立锂电池能源消费的创新形态。具备锂电池充电、检修、保养、租赁、换电、二次利用、梯次、迭代等覆盖锂电全生命周期的运营能力，为客户提供专业化的电池运营管理，实现能源的安全、高效、循环利用。服务领域：共享电单车、换电企业、快递骑手、C端消费者、三轮车、汽车、其他电池流动场景。,暂未收录该公司团队信息 请告诉我们，让我们做得更好 
2021-12-29,碳能科技,传统制造,A轮,数千万人民币,"红杉种子基金（领投）, 奇绩创坛",15000,传统制造、环保、环保,碳能科技是一家碳利用技术研发及商业化服务提供商，致力于碳利用技术、氢能关键技术研发及商业化。通过自主研发的纳米催化剂、高效反应器和优化的工艺流程，将工业排放的二氧化碳高效的转化为合成气、合成油和合成蜡等具有工业应用价值的化学品和新材料，为企业提供碳中和解决方案，将碳减排压力转为碳资源利用动力，兼顾经济性的同时有效降低碳排放，塑造可持续的未来。,康鹏 创始人 康鹏，为碳能科技（北京）有限公司创始人、CTO，中国科技大学本科，美国斯坦福大学化学博士，美国北卡罗来纳大学博士后。师从美国科学院院士Thomas J. Meyer教授和美国科学院院士Maurice Brookhart教授。长期致力于二氧化碳电化学利用技术的研发和工程化。 王帅 CEO 王帅，碳能科技CEO，吉林大学工学学士、哲学硕士。2005年在北京师范大学成人教育学院担任辅导员；2006年创立教育文化传播公司，开展新型教育理念推广，普及继续教育与终生教育，并成功获得资本支持，分别在北京、上海、杭州等城市设立分支机构，积累了深厚的公司组织管理经验、领导力和市场拓展能力。 田力 CMO 田力，碳能科技CMO，山东大学工商管理本科，负责政府关系及商务拓展。2006年合伙成立美联天成投资有限公司，从事矿产投资及生产业务；2011年进入北京大学校友会工作，成立北京大学企业家俱乐部；2013年发起成立北京大学创业训练营，期间三年兼任聚美优品公关部高级总监，协助聚美优品在纽交所上市。 
2021-12-28,神力科技,先进制造,C轮,未透露,"深创投, 毅达资本, 泓松投资",25000,先进制造、新能源、电池,神力科技是一家专注于燃料电池技术研发与产业化得到企业，公司以质子交换膜燃料电池研发、系统集成、电堆及系统测试、产业化实践作为发展目标，隶属于上海神力科技有限公司。,张国强 董事长 张国强，亿华通董事长。2012年6月毕业于清华大学公共管理专业，2013年9月至今，就读于中国科学研究院管理科学与工程专业。2003年8月至2005年4月，就职于北汽福田汽车股份有限公司，任总经理秘书；2005年5月至2012年6月，就职于北京清能华通科技发展有限公司，历任部门经理、副总经理；2014年10月至2015年7月，任北京亿华通科技有限公司董事长兼总经理。现任清佰华通执行董事、北京亿华通科技有限公司执行董事、水木华通董事长、上海神融新能源董事长。 张禾 董事兼总经理 本科学历，1982年1月毕业于新疆工学院。1982年2月至1988年4月，就职于新疆钢铁公司，任电气工程师；1988年5月至2002年8月，就职于新疆交通科学研究所，任高级工程师；2002年8月至2005年8月，就职于万向电动汽车有限公司，任研发部经理；2005年8月至2012年6月，就职于北京清能华通科技发展有限公司，任副总经理；2011年5月至2015年9月，任清佰华通经理；2012年7月至2015年7月，就职于北京亿华通科技有限公司，任副总经理。 
2021-12-28,理想万里晖,先进制造,战略投资,1亿人民币,中微公司,360000,先进制造、新能源、新能源,理想万里晖前身是理想能源PECVD事业部，2012年经过拆分重组，2013年完成注册，公司主营太阳能、泛半导体和半导体高端PECVD装备。公司系列光伏和AMOLED显示等领域高端PECVD系列产品多次打破国外垄断、填补国内空白，是中国高端PECVD装备的优选供应商。,"孙曦东 总经理 孙曦东，上海理想万里晖创始人、总经理。 陈金元 董事长 陈金元，上海理想万里晖创始人、董事长；理想晶延半导体设备（上海）有限公司的创始人，PECVD总经理，中国科学技术大学学士及硕士，美国犹他大学（University of Utah）博士、博士后，曾在美国应用材料公司（Applied Materials）和中微半导体设备公司担任高管职务。拥有30年半导体领域专业技术工作经验，荣获42项技术专利, 发表了30多篇学术论文。曾开发多种最先进半导体设备反应腔的射频及等离子系统并获上海市科学技术奖一等奖。 "
2021-12-27,金羽新能,先进制造,Pre-A轮,数千万人民币,,15000,先进制造、新能源、环保,金羽新能是一家钛电池及其配套储能解决方案研发商，公司研制的高性能环保水系电池，产品的能量密度比铅酸电池要高，在温度-30度到50度的条件下可以稳定运行，产品可广泛应用在新能源汽车、电子产品以及电动摩托车等领域。,黄杜斌 CEO 北京大学博士和锂金属电池行业规范的起草人之一，对锂金属电池的制造工艺和商用条件有深刻的了解。 
2021-12-24,力泰锂能,先进制造,战略投资,数千万人民币,宁德时代,15000,先进制造、新能源、电池,力泰锂能是一家锂化合物研销商，主要从事锂离子电池正极材料、负极材料、电解质以及高纯度锂化合物的研发、生产和销售。,暂未收录该公司团队信息 请告诉我们，让我们做得更好 
2021-12-23,格派新能源,先进制造,C+轮,3亿人民币,盈科资本（领投）,150000,先进制造、新能源、新材料,格派新能源是一家动力电池材料提供商，公司主要业务包括钴镍锰等基础料、三元前驱体、锂电正极材料以及动力电池梯次循环利用等，致力于建设新能源动力电池产业生产圈。,曹栋强 董事长 曹栋强，格派新能源董事长。 
2021-12-22,源清动力,本地生活,B轮,未透露,"百咖创投, 无锡金投, 力合科创（力合创投）, 杭州礼瀚",15000,本地生活、维修服务、本地生活,源清动力主要从事工程设计、失效分析、部件寿命管理、供应链开发与管理、关键部件制造与修复、部件试验平台建设等业务。源清动力将为燃气轮机用户提供燃气轮机维护维修、性能提升、故障诊断等一站式服务，为中国清洁能源建设贡献力量。,暂未收录该公司团队信息 请告诉我们，让我们做得更好 
2021-12-22,南网能源,生产制造,IPO上市,10.44亿人民币,,691200,传统制造、环保、环保,南网能源是一家综合型能源业务服务提供商，公司主营“3+N”业务，即“节能服务、新能源、分布式能源与能源综合利用”3大业务，以及“售电、电动汽车、碳交易、互联网+能源服务”等N个新型业务，具备全国3项节能服务的5A级最高评级。,秦华 董事长 秦华，南度度董事长。 
2021-12-21,常州锂源新能源,先进制造,战略投资,数亿人民币,"宁德时代, 龙蟠科技",150000,先进制造、新能源、新能源,常州锂源新能源是一家新能源材料供应商，主要提供磷酸铁锂正极材料等。,石俊峰 董事长 石俊峰，江苏龙蟠科技股份有限公司董事长兼总经理。常州锂源新能源科技董事长。 
2021-12-21,华耀光电,先进制造,战略投资,4亿人民币,"东海投资（领投）, 银河投资(银河资本), 天风天睿",200000,先进制造、新能源、新能源,华耀光电是一家太阳能电池片及组件研发商，主要从事多晶硅、单晶硅；太阳能电池片及组件的研发生产及销售；太阳能光伏工程、太阳能、风能、柴油发电互；补发电系统工程的设计、安装、施工；进出口业务。,姚志中 CEO 姚志中，华耀光电CEO。 
2021-12-20,爱德曼氢能,先进制造,战略投资,1亿人民币,联美控股,294421,先进制造、新能源、新能源,爱德曼氢能是一家氢燃料汽车动力系统解决方案提供商，公司业务包括研发和生产金属双极板、膜电极、质子膜燃料电池（PEMFC），是以燃料电池系统为核心部件的氢燃料汽车动力系统解决方案提供商之一。,徐黎明 创始人 徐黎明，爱德曼氢能源创始人、董事长。 
2021-12-17,江苏奥盛,先进制造,战略投资,3000万人民币,海印股份,15000,先进制造、新能源、新能源,"江苏奥盛是一家锂电池研发商，主要从事磷酸铁锂和储能电源PACK的研发、生产和销售，将废弃锂电池正极资源，利用特有工艺和设备实现绿色环保、资源优化最大化的循环再加工。
",暂未收录该公司团队信息 请告诉我们，让我们做得更好 
2021-12-17,奇点能源,先进制造,A轮,未透露,"IDG资本（领投）, 源码资本",10000,先进制造、新能源、新能源,奇点能源致力于先进储能系统中核心技术研究和产品开发，为推动大规模清洁能源接入，实现全球碳中和目标，贡献行业领先的解决方案。,暂未收录该公司团队信息 请告诉我们，让我们做得更好 
2021-12-15,未势能源,先进制造,A轮,9亿人民币,"国投招商（领投）, 人保资本（领投）",400000,先进制造、新能源、电池,未势能源是一家氢燃料电池产品研发生产商，专注于氢燃料电池技术市场化运营，致力于推动人类能源低碳可持续发展，主要从事氢燃料电池产品研发、生产及销售。目前，未势能源已布局上海、保定、日本、德国、加拿大五大研发中心，组建起文化多元、技术领先的研发团队，并严格遵循V模型开发流程打造车规级燃料电池动力系统及零部件。公司主要产品涵盖燃料电池发动机、电堆、35MPa/70MPa车载氢系统、瓶阀及减压阀等。,暂未收录该公司团队信息 请告诉我们，让我们做得更好 
2021-12-13,Ambri,先进制造,战略投资,140万美元,洲际油气,4550,先进制造、新能源、新能源,"Ambri是美国一家液态金属电池生产商，专注于为用户提供电力存储解决方案，为用户提供液态金属电池产品。
",暂未收录该公司团队信息 请告诉我们，让我们做得更好 
2021-12-12,蜂巢能源,先进制造,B+轮,60亿人民币,"四川能投, 星宇股份, 鼎晖投资, 中移创新产业基金(中国移动), 兴业银行, 优势资本, 人保资本, 泰康资产, 大族创投",4600000,先进制造、新能源、电池,蜂巢能源前身是长城汽车动力电池事业部，是一家电动电池研发生产商，专注于锂离子动力电池及其正极材料、储能电池等方面的开发和销售，为用户提供新能源汽车充电桩、电池利用回收等产品解决方案。,唐海锋 董事长 唐海锋，蜂巢能源创始人、董事长。现任长城汽车股份有限公司副总裁兼任蜂巢易创科技有限公司董事长、蜂巢能源科技有限公司董事长、未势能源科技有限公司董事长，拥有20余年汽车及核心零部件开发与管理经验，在研发、项目管理及企业运营等方面均有自己独特的管理风格。 杨红新 总经理 杨红新，蜂巢能源总裁、总经理。2003年加入长城汽车，历任长城汽车技术中心副主任、长城汽车动力电池事业部总经理等职，全面负责新能源三电系统开发，EV、PHEV整车开发。 
2021-12-09,德昇微电子,先进制造,天使轮,1000万人民币,无锡中科产发知产基金,5000,先进制造、新能源、电池,"德昇微电子是一家锂电池管理芯片研发商，专注于锂电池管理芯片（BMIC）和电源管理芯片（PMIC），主要产品包括锂电池保护芯片、锂电池均衡芯片、锂电池充放电管理芯片、AC-DC电源管理芯片，市场覆盖智能手机、智能穿戴、智能音箱、移动电源、个人护理电器电动工具、无绳家电、电动交通工具等诸多领域。
",暂未收录该公司团队信息 请告诉我们，让我们做得更好 
2021-12-07,汉韦聚合物,先进制造,Pre-A轮,1亿人民币,沃衍资本,50000,先进制造、新能源、新能源,"汉韦聚合物是一家太阳能光伏组件封装膜制造商，通过对先进聚合物及绿色制造工艺的关键核心技术攻关，创制出领先技术的太阳能光伏组件封装膜SPO和大尺寸显示器全贴合封装膜LEI两大核心产品。
",暂未收录该公司团队信息 请告诉我们，让我们做得更好 
2021-12-06,爱康光电,先进制造,战略投资,1.5亿人民币,兴长股权,150000,先进制造、新能源、新能源,爱康光电是一家光伏组件智能制造商，主营太阳能电池及太阳能电池组件研究、生产、销售，太阳能电池、太阳能电池组件、晶体硅材料、太阳能器具销售等业务。,暂未收录该公司团队信息 请告诉我们，让我们做得更好 
2021-12-02,格派新能源,先进制造,C轮,未透露,,25000,先进制造、新能源、新材料,格派新能源是一家动力电池材料提供商，公司主要业务包括钴镍锰等基础料、三元前驱体、锂电正极材料以及动力电池梯次循环利用等，致力于建设新能源动力电池产业生产圈。,曹栋强 董事长 曹栋强，格派新能源董事长。 
2021-12-01,天枢新能源,先进制造,A轮,未透露,龙江交通,10000,先进制造、新能源、新能源,天枢新能源是一家太阳能发电解决方案提供商，公司将数字信息化技术、互联网技术、物联网技术与光伏技术结合在一起，推出“高效发电、智能用电”的太阳能发电解决方案。公司能为用户提供灵活的互联网监控方案，适用于家庭/商用屋顶及地面光伏电站系统。,暂未收录该公司团队信息 请告诉我们，让我们做得更好 
2021-12-01,EnerVenue,先进制造,A轮,1.25亿美元,"Saudi Aramco Energy Ventures, IDG资本, Schlumberger斯伦贝谢（领投）, 李家杰",406250,先进制造、新能源、新能源,EnerVenue是一家美国金属氢电池制造商，提供金属氢电池，它是锂离子电池的替代产品，其功能适用于苛刻的沙漠，偏远的项目现场以及希望“安装即忘”的储能解决方案的客户。电池可以使用30年以上。,崔屹 创始人 崔屹，电池公司EnerVenue创始人。纳米材料科学家，斯坦福大学教授。1998年崔屹获得中国科学技术大学理学学士学位；2002年在哈佛大学获得博士学位；2003年在加州大学伯克利分校从事博士后研究；2004年入选世界顶尖100名青年发明家；2005年进入斯坦福大学材料科学与工程系任教，先后担任助理教授、副教授、教授；2014年获得首届纳米能源奖；2017年获得布拉瓦尼克青年科学大奖之物质科学与工程技术奖。崔屹主要研究内容为纳米材料在能量存储、光伏器件、拓扑绝缘体、生物及环境等方向的应用。 
2021-11-30,丰疆智能,智能硬件,B轮,7000万美元,,227500,智能硬件、机器人、机器人,丰疆智能是一家智慧农业与物流机器人研发商，结合大数据、物联网、深度学习、无人驾驶、机器视觉等技术，可提供智能地面机器人、码头无人物流、农业机器人、智能高速插秧机、农机物联网平台等产品与解决方案。,卢锋 董事长 卢锋，丰疆智能科技股份有限公司董事长，东风资产管理有限公司总经理。 吴迪 CEO 吴迪，丰疆智能创始人之一、兼任CEO，负责研发国产智能农用机器人。2003年，吴迪到瑞典留学读博。拿到学位后，他进入爱立信进行手机芯片的研发。后来的他，曾加入创业公司担任研发副总裁，回国后也曾在展讯通信担任系统总监，后来还在苏州大学电子信息学院负责微电子学科的教研工作。2015年，吴迪加入大疆担任首席科学家，继续从事一线的芯片研发工作。 
2021-11-29,拓邦电子,先进制造,战略投资,未透露,"海邦投资, 涌铧投资, 锦冠投资",50000,先进制造、新能源、新能源,拓邦电子是一家太阳能电池生产商，公司致力于为新能源光伏行业提供高效率太阳能电池工艺、材料及设备，为太阳能电池生产企业提供高效率太阳能电池生产解决方案。公司其他主要助剂产品还包括无醇型单晶硅制绒添加剂、太阳能电池表面酸抛光添加剂、硅片清洗添加剂、花篮清洗添加剂等。,暂未收录该公司团队信息 请告诉我们，让我们做得更好 
2021-11-29,锋源科技,先进制造,战略投资,1亿人民币,"飞图创投, 雷神资本, 武岳峰资本",50000,先进制造、新能源、IBM系,锋源科技是一家能源解决方案提供商，集研发、生产及销售太阳能、氢燃料电池等混合能源动力系统，为无人机、便携式电源、汽车等平台能源解决方案的科技创新型企业。,暂未收录该公司团队信息 请告诉我们，让我们做得更好 
2021-11-29,Mainstream Renewable Power,先进制造,战略投资,9000万欧元,Aker Horizons,351000,先进制造、新能源、新能源,Mainstream Renewable Power是一家爱尔兰风能及太阳能开发商，主营业务为大型风力和太阳能电站的开发、融资及建设。目前已建设项目包括德阿尔太阳能电厂、Knockaneden风电厂、杰弗里斯湾风力发电厂等，服务网络覆盖智利、爱尔兰、菲律宾、墨西哥等国家。,暂未收录该公司团队信息 请告诉我们，让我们做得更好 
2021-11-26,兴储世纪,先进制造,D轮,未透露,"青创伯乐, 鼎祥资本, 川商基金, 上元资产, 诺延资本, 浙江华友控股集团",50000,先进制造、新能源、新能源,兴储世纪是一家新能源智能微电网解决方案提供商，致力于为海内外客户提供智能微电网解决方案，包括风光水储充多能互补与协同的技术研发与产品生产、销售与贸易、工程设计与实施、能源管理与优化。,侯为贵 董事长 侯为贵，是中兴能源有限公司的董事长。 
2021-11-26,卫蓝新能源,先进制造,战略投资,5亿人民币,"小米集团, 华为, 顺为资本, 允泰资本",500000,先进制造、新能源、电池,卫蓝新能源是一家固态锂电池研发商，公司主要产品包括混合固液电解质电池和全固态锂电池，产品应用覆盖无人机、电动工具、规模储能、电动汽车、航空航天、国家安全等领域。,"俞会根 董事长 俞会根，董事长，在电源领域拥有多年的工作经验。
 "
2021-11-24,Lancium Technologies,先进制造,战略投资,1.5亿美元,"SBI投资(思佰益), Hanwha Solutions（领投）",487500,先进制造、新能源、环保,Lancium 是一家使用分布式并行计算使可再生能源增长的新技术公司。Lancium 构建和运营数据中心，直接为电源带来增量需求。这种计算为太阳能和风能间歇性引起的过度发电问题提供了独特的解决方案。,暂未收录该公司团队信息 请告诉我们，让我们做得更好 
2021-11-24,北控清洁能源,先进制造,战略投资,12.73亿港元,山高金融,509200,先进制造、新能源、新能源,"北控清洁能源是一家光伏发电服务提供商，公司致力于在中国投资、开发、建设、运营及管理光伏发电业务、风电业务及清洁供暖业务，专注于大型地面电站、分布式电站、微网离网电站开发建设的清洁能源领域，拥有先进的光伏技术，以光伏发电为主打造的清洁能源平台，拥有丰富的电站建设开发经验，负责参与建设了国内第一个特许权并网发电光伏项目。
",暂未收录该公司团队信息 请告诉我们，让我们做得更好 
2021-11-24,海力风电,先进制造,IPO上市,31.05亿人民币,,1318300,先进制造、新能源、新能源,"江苏海力风电设备科技股份是一家专业设备制造商。业务涵盖国家产业政策允许的风力发电设备的零部件研发、生产、销售等。
",暂未收录该公司团队信息 请告诉我们，让我们做得更好 
2021-11-23,Sun Energy,先进制造,A轮,2500万美元,TBS Energy Utama,81250,先进制造、新能源、新能源,Sun Energy是一家美国太阳能开发商，为太阳能产业研究和开发新技术和创新设计，致力于为用户提供清洁能源生态系统和量身定制的集成太阳能解决方案，专注于机械工程、电气工程、应用设计和系统控制软件。,暂未收录该公司团队信息 请告诉我们，让我们做得更好 
2021-11-20,华晟新能源,先进制造,A轮,未透露,"合肥产投（领投）, 招银国际, 瑞华控股, 普华资本, 宣城开盛集团（领投）, 诺延资本, 西子集团",10000,先进制造、新能源、电池,华晟新能源专业从事高效硅异质结电池及组件的研发、生产及销售，面向海内外组件制造商、电站运营商等销售HJT电池片及组件。,暂未收录该公司团队信息 请告诉我们，让我们做得更好 
2021-11-18,Titan Advanced,先进制造,B轮,3300万美元,"HG Ventures（领投）, H+ Partners, GS Futures, GS Energy, Doral Energy-Tech Ventures, Fortistar, Energy Innovation Capital, SE Ventures",107250,先进制造、新能源、制造业,Titan Advanced是一家电池管理解决方案供应商，基于超声波技术，通过测量两个关键参数：健康状态（SoH）和充电状态（SoC），决定了电动汽车或设备的BMS如何以高精度和精确度运行。,暂未收录该公司团队信息 请告诉我们，让我们做得更好 
2021-11-15,大地电气,先进制造,IPO上市,1.56亿人民币,,78000,先进制造、通信制造、新能源,大地电气是一家车用电线束研发商，主要产品为轿车、工程机械、商用卡车、农林机械、计算机和通讯设备、电子仪器仪表电路连接装置，主要应用于汽车、工程机械、发动机、农业园林机械及新能源车等车辆。,蒋明泉 董事长 	高级经济师，港闸区总商会副会长。曾就职于南通友星机电工业有限公司，历任营销部副经理、经理、副董事长、总经理党支部书记等职务。 
2021-11-15,云威新材料,先进制造,战略投资,未透露,"国轩高科, 南桥资本, 分享投资",50000,先进制造、新材料、新材料,云威新材料是一家致力于锂资源综合开发利用的高科技企业，也是国内唯一采用碳酸锂苛法工艺建设万吨氢氧化锂达标批量生产的企业，公司目前已建成1万吨电池级氢氧化锂生产线。,暂未收录该公司团队信息 请告诉我们，让我们做得更好 
2021-11-12,融科氢能,先进制造,B轮,1亿人民币,"北京能源集团, 险峰长青, 中信建投资本, 中船产业投资, 首钢基金(京西创投), 海晟投资, 歌石投资, 安托资本, 东旭集团, 开源证券, 裴普成, 鼎盛信和, 唯稀时代, 华十基金, 沐盟集团",50000,先进制造、新能源、电池,融科氢能是一家氢燃料电池研发商，主营氢燃料电池研发、生产制造与销售。目前融科氢能拥有多项核心技术，公司研发的120kW、80kW、60kW等系列氢燃料电池产品已可广泛运用在重卡及商用物流车上，并与中通客车、中国重汽、宇通、东风汽车形成了良好合作关系。,暂未收录该公司团队信息 请告诉我们，让我们做得更好 
2021-11-11,同享科技,先进制造,战略投资,未透露,盈科资本,50000,先进制造、新能源、新能源,同享科技是一家一直专注于发展太阳能光伏组件用涂锡铜带及电子配套产品的研究开发并提供相关服务的企业，并可以根据客户要求研制各种专业用特殊焊接带、铜带、镍带、铝带等。,陆利斌 总经理 陆利斌先生，董事长、总经理，1980年9月出生，中国国籍，无境外永久居留权，硕士学历，2016年4月股份公司成立至今担任公司总经理。 
2021-11-10,Bioenergy Devco,先进制造,战略投资,1亿美元,Irradiant partners,325000,先进制造、新能源、新能源,Bioenergy Devco是一家美国生物能源开发商，通过厌氧技术将有机废物转化为可再生天然气和土壤沼渣，实现可再生生物材料的循环利用。,暂未收录该公司团队信息 请告诉我们，让我们做得更好 
2021-11-10,巨一自动化,先进制造,IPO上市,15.76亿人民币,,630200,先进制造、智能装备、工业4.0,巨一自动化是一家机器人自动化装备和新能源汽车电驱动系统数字化解决方案提供商，产品包括白车身焊装系统、动力电池智能装测系统、动力电池装配与测试系统、新能源汽车驱动系统等。,暂未收录该公司团队信息 请告诉我们，让我们做得更好 
2021-11-09,Yotta Energy,先进制造,A轮,1300万美元,"Wind万得（领投）, SWAN Impact Network, Riverstone Holdings, EDP Ventures, Doral Energy-Tech Ventures",42250,先进制造、新能源、新能源,Yotta Energy是一家美国模块化储能设备开发商，Yotta Energy提供了一种获得专利的电池热管理系统，该系统可实现太阳能加储能的分散式格式，是屋顶商业和工业应用的理想选择。Yotta的面板级储能解决方案可以轻松地安装在任何太阳能模块中，并与太阳能机架阵列完美集成。即插即用设计简化并标准化了储能与太阳能项目的集成，从而无需笨重，难以安装的外壳和复杂的HVAC系统。此外，该公司的被动式热管理技术使其电池能够承受极端天气并延长其使用寿命。,暂未收录该公司团队信息 请告诉我们，让我们做得更好 
2021-11-08,FirstElement Fuel,先进制造,D轮,1.05亿美元,"Air Water, MUFG Bank, Nikkiso, Japan Infrastructure Initiate",341250,先进制造、新能源、新能源,FirstElement Fuel是一家燃料电池生产商，致力于低温燃料电池和液体燃料重整技术，为客户提供零售氢燃料，用于由燃料电池驱动的下一代车辆。,暂未收录该公司团队信息 请告诉我们，让我们做得更好 
2021-11-05,阿维塔科技,汽车交通,战略投资,24.2亿人民币,"宁德时代, 闽东电力, 西证投资, 南方资产, 长安汽车, 重庆承安, 南方工业基金",1210000,汽车交通、汽车制造、汽车交通,阿维塔科技(前身长安蔚来新能源汽车)是长安与蔚来共同出资打造的新能源汽车公司，公司业务覆盖智能网联与新能源汽车产业技术研发、零部件生产、运营服务等全产业链。,暂未收录该公司团队信息 请告诉我们，让我们做得更好 
2021-11-05,氢蓝时代,先进制造,A轮,未透露,"中国国有企业混合所有制改革基金（领投）, 申能能创",10000,先进制造、新能源、新能源,"氢蓝时代是一家车用氢燃料电池研发商，可为用户提供自主电堆系统、FCU系统控制器、离心式无油空压机、DCDC升压转换器等核心零部件产品。
",暂未收录该公司团队信息 请告诉我们，让我们做得更好 
2021-11-04,林立新能源,先进制造,战略投资,数亿人民币,"蜂巢能源, 中信建投资本, 鹏瑞地产, 江苏国信, 武汉融和科技",150000,先进制造、新能源、新材料,林立新能源为一家新能源材料及相关产品研发生产销售商，专业从事新能源材料及其相关产品的研发、生产、销售。,马晓玲 CEO 马晓玲，林立新能源CEO。 
2021-11-03,西拓能源,先进制造,战略投资,1.5亿人民币,首航高科,75000,先进制造、新能源、新能源,"西拓能源是一家综合能源运营服务商，主要从事以清洁能源、新能源、智慧能源利用等综合能源运营服务，业务涉及能源发电、 售电业务、增量配电网（电代油）、光热发电、水务技术、烟雨消白、清洁供暖、智能无人机、电站空冷技术、智能机器人自动化技术、电力行业总承包等业务。
",暂未收录该公司团队信息 请告诉我们，让我们做得更好 
2021-10-31,远景科技集团,先进制造,战略投资,数亿美元,红杉资本中国,1625000,先进制造、新能源、新能源,远景科技集团（Envision Group）是一家全球领先的绿色科技企业，业务领域横跨可再生能源、氢能和储能，动力电池以及智能物联网。集团旗下拥有智能风电科技企业远景能源、智能电池企业远景AESC、开发全球领先智能物联操作系统的远景智能，以及远景维珍电动方程式车队。远景持续推动风电和光伏成为“新煤炭”，电池和氢燃料成为“新石油”，智能物联网成为“新电网”，开创美好零碳世界。,张雷 CEO 张雷，远景科技集团创始人、CEO。 
2021-10-29,珂玛材料,先进制造,战略投资,未透露,"沃衍资本, 国中创投-国家中小企业发展基金, 中金资本, 浦东科创, 聚源资本-中芯聚源, 北京集成电路装备产业基金, 苏高新金控",50000,先进制造、新材料、新材料,珂玛材料是一家高精密陶瓷材料及产品研发商，旗下主要产品涵盖氧化物陶瓷、氮化物陶瓷、碳化物陶瓷、可加工陶瓷等产品，同时提供精密清洗、表面处理、部件翻新等服务，应用于泛半导体、精密仪器、新能源等领域。,暂未收录该公司团队信息 请告诉我们，让我们做得更好 
2021-10-29,辉能科技,先进制造,E轮,3.26亿人民币,"丹丰创投, 春华资本Primavera, 软银中国资本",163000,先进制造、集成电路、可穿戴设备,辉能科技是一家电源产品研发商， 在2013年实现了固态锂电池的商业化量产，早期应用于消费电子领域，近年来应用于新能源汽车领域。公司的产品包括柔型锂电池、超薄锂电池、异形锂电池等，可应用于通信、交通等领域，同时公司的业务还包括为便携式电子通讯设备、电动交通工具、柔性可穿戴设备提供定制化的电源产品解决方案。,刘强 董事长 刘强，董事长，天津市“千人计划”专家，先后在美国佐治亚大学、克利夫兰州立大学和亚利桑那州立大学从事柔性及微型电池研究。 
2021-10-28,Fluence,先进制造,IPO上市,未透露,,325000,先进制造、新能源、新能源,Fluence是一家储能系统集成商和电力管理技术开发商，Fluence已经为众多客户部署了大约5千兆瓦的储能和管理系统。正在部署的电池技术能够与其他所需的技术相结合，从而为工业和社会提供所需的电力。,暂未收录该公司团队信息 请告诉我们，让我们做得更好 
2021-10-27,东超科技,先进制造,A+轮,3500万人民币,伟时电子,17500,先进制造、军工制造、新材料,东超科技是一家可交互空气成像技术研发商，致力于空气成像技术的研发与生产，其主要研发成果为非等效负折射率材料，整合中科院安徽光机所和中科院西安光机所两大精密光学研究所对空气成像进行联合研发和生产，可以用在军工安全，车载显示，医疗成像，智能家电，广告和展览展示等领域。,韩东成 创始人 韩东成，东超科技创始人，具有多年相关行业经验。 范超 创始人 范超，安徽省东超科技有限公司创始人 
2021-10-25,库博能源,先进制造,A轮,数千万人民币,"启明创投（领投）, 松禾资本",15000,先进制造、新能源、大数据,库博能源是一家在电力数据领域有着极富开拓精神的能源互联网科技公司。专注于“工商业客户电力运营数据服务、分布式储能、需求侧响应、虚拟电厂”四大业务单元的运行与研究。,吴俊阳 CEO 吴俊阳，为深圳库博能源科技有限公司的创始人 
2021-10-25,南都华宇,先进制造,战略投资,1.8亿人民币,南都电源（领投）,90000,先进制造、新能源、电池,"南都华宇是一家蓄电池生产商，位于国家首批城市矿产示范基地、国家循环经济试点园区的安徽省界首市田营循环经济工业区，是一家拥有极板制造和蓄电池组装两大专业生产线的综合型企业。
",暂未收录该公司团队信息 请告诉我们，让我们做得更好 
2021-10-23,Via Separations,先进制造,B轮,3800万美元,"The Engine, Embark Ventures, NGP Energy Capital Management（领投）, Safar Partners, Prime Impact Fund, Massachusetts Clean Energy Center, 2040 Foundation",123500,先进制造、新能源、新能源,Via Separations是一家能源技术服务商，通过其新颖的化学物质实现工业脱碳，这些化学物质使制造设施能够在生产更多产品的同时大幅削减能源消耗，实现了最多的电气化化工生产中的能源密集型步骤，并为客户创造额外收入。,暂未收录该公司团队信息 请告诉我们，让我们做得更好 
2021-10-21,擎波探索,先进制造,种子轮,未透露,险峰长青,3250,先进制造、新能源、新能源,"擎波探索是一家氢能船艇动力系统技术提供商，致力于将清洁能源-氢能应用于海洋领域，变革船艇动力系统和能源驱动方式。将自身在燃料电池行业和船舶工程领域的丰富经验，以及对舱内氢安全技术、船艇动力系统需求、船舶法规等领域的深刻理解，通过高效融合转化为超前的技术优势，为用户提供从研发段到运营端的整体解决方案。
",暂未收录该公司团队信息 请告诉我们，让我们做得更好 
2021-10-21,远景科技集团,先进制造,战略投资,6亿美元,春华资本Primavera,1170000,先进制造、新能源、新能源,远景科技集团（Envision Group）是一家全球领先的绿色科技企业，业务领域横跨可再生能源、氢能和储能，动力电池以及智能物联网。集团旗下拥有智能风电科技企业远景能源、智能电池企业远景AESC、开发全球领先智能物联操作系统的远景智能，以及远景维珍电动方程式车队。远景持续推动风电和光伏成为“新煤炭”，电池和氢燃料成为“新石油”，智能物联网成为“新电网”，开创美好零碳世界。,张雷 CEO 张雷，远景科技集团创始人、CEO。 
2021-10-20,大鱼视觉,先进制造,A轮,数千万人民币,前海母基金,15000,先进制造、工业4.0、新能源,大鱼视觉技术（河南）有限公司是一家工业自动测试设备与系统解决方案提供商。主要测试产品用于液晶LCD与柔性OLED及AMOLED中小型平板、集成电路、汽车电子、太阳能面板等行业的生产厂家。,暂未收录该公司团队信息 请告诉我们，让我们做得更好 
2021-10-20,NexWafe,先进制造,C轮,3900万欧元,"Saudi Aramco Energy Ventures, RNESL（领投）, InnoEnergy, Lynwood",152100,先进制造、新能源、新能源,NexWafe是一家单晶硅晶圆制造商，为太阳能电池生产商提供高质量的晶圆。,暂未收录该公司团队信息 请告诉我们，让我们做得更好 
2021-10-19,敦化抽水蓄能,先进制造,战略投资,2905万人民币,吉电股份,14525,先进制造、新能源、新能源,"敦化抽水蓄能是一家抽水蓄能服务提供商。业务涵盖电力电量生产、向电网销售电能、为电网提供服务、水电工程调试及检修、技术咨询、技术培训、旅游资源开发及运营等其他相关项目等。
",暂未收录该公司团队信息 请告诉我们，让我们做得更好 
2021-10-18,Enpal,先进制造,C轮,2.9亿美元,"软银愿景基金（领投）, HV Capital",942500,先进制造、新能源、新能源,Enpal是一家太阳能设备务供应商，致力于使用人工智能高效地为房主提供太阳能设备和安装服务，并采用订阅付费的模式，其产品已经使客户能够通过太阳能系统和绿色全包能源解决方案减少电力支出。,暂未收录该公司团队信息 请告诉我们，让我们做得更好 
2021-10-15,冠宇电池,先进制造,IPO上市,22.47亿人民币,,1618800,先进制造、新能源、电池,冠宇电池是一家聚合物锂离子电池供应商，是集锂电池研发、生产、销售于一体的中外合资企业。主导产品为聚合物锂离子电池。,徐延铭 董事长 徐延铭，冠宇电池董事长兼总经理。 
2021-10-13,奇点能源,先进制造,Pre-A轮,未透露,"水木春锦资本, 麦格米特",10000,先进制造、新能源、新能源,奇点能源致力于先进储能系统中核心技术研究和产品开发，为推动大规模清洁能源接入，实现全球碳中和目标，贡献行业领先的解决方案。,暂未收录该公司团队信息 请告诉我们，让我们做得更好 
2021-10-13,RatedPower,先进制造,A轮,600万美元,"Seaya Ventures（领投）, Glovo, Wallbox, Cabify",19500,先进制造、新能源、新能源,RatedPower是一家西班牙光伏电站软件开发商，旗下主要产品为pvDesign软件，可即时计算光伏项目数据，为用户提供太阳能发电厂工程自动化设计等服务。,暂未收录该公司团队信息 请告诉我们，让我们做得更好 
2021-10-13,极电光能,先进制造,Pre-A轮,2.2亿人民币,"碧桂园创投（领投）, 建银国际, 九智资本（领投）, 云林基金, 稳晟科技",110000,先进制造、新能源、新能源,极电光能自主研发的1cm²钙钛矿太阳能电池效率超过22.7%，10cmx10cm组件效率达19.41%，30cmx30cm组件效率超过15%，产业化技术水平处于行业领先。同时公司积极布局下游产业的研究与创新，未来公司产品将为光伏建筑一体化（BIPV）、分布式光伏、地面电站以及其他创新应用等领域提供优质高效的智慧解决方案。,暂未收录该公司团队信息 请告诉我们，让我们做得更好 
2021-10-13,RedEarth,先进制造,B轮,881万美元,"Ord Minnett, Perennial Value Management, Thorney Investments",28632.5,先进制造、新能源、新能源,RedEarth是一家澳大利亚储能服务提供商，为用户提供家用电池、并网和离网储能系统等，旗下产品有太阳能电池等。,暂未收录该公司团队信息 请告诉我们，让我们做得更好 
2021-10-13,泓慧能源,传统制造,战略投资,1亿人民币,"广大特材, 皓海产融",50000,传统制造、环保、环保,泓慧能源是一家飞轮储能技术提供商，开发出了国际领先的具有完全自主知识产权的系列化飞轮储能技术和产品，并致力于以此技术为核心为不同领域的客户提供绿色、高效和安全的节能解决方案。泓慧能源研发的HHE系列高性能储能飞轮产品，可广泛应用于轨道交通制动能回收利用、UPS毫秒级不间断电源、港口码头龙门起重机节能延寿，以及微电网、人防工程、风力太阳能储能电站等领域。,王佳良 董事长 王佳良，北京泓慧国际能源技术发展有限公司创始人。 
2021-10-11,太阳井,先进制造,Pre-A轮,未透露,"国发创投, 石湖基金, 通威股份",10000,先进制造、新能源、电池,"太阳井是一家光伏电池制造设备与组件生产销售商 ，致力于太阳能电池电极金属铜制程技术。主要研发生产销售光伏电池的制造设备与组件；自动化控制软件的研发、销售；并提供上述相关产品的技术咨询、技术转让。
",暂未收录该公司团队信息 请告诉我们，让我们做得更好 
2021-10-11,碳能科技,传统制造,Pre-A轮,未透露,奇绩创坛,10000,传统制造、环保、环保,碳能科技是一家碳利用技术研发及商业化服务提供商，致力于碳利用技术、氢能关键技术研发及商业化。通过自主研发的纳米催化剂、高效反应器和优化的工艺流程，将工业排放的二氧化碳高效的转化为合成气、合成油和合成蜡等具有工业应用价值的化学品和新材料，为企业提供碳中和解决方案，将碳减排压力转为碳资源利用动力，兼顾经济性的同时有效降低碳排放，塑造可持续的未来。,康鹏 创始人 康鹏，为碳能科技（北京）有限公司创始人、CTO，中国科技大学本科，美国斯坦福大学化学博士，美国北卡罗来纳大学博士后。师从美国科学院院士Thomas J. Meyer教授和美国科学院院士Maurice Brookhart教授。长期致力于二氧化碳电化学利用技术的研发和工程化。 王帅 CEO 王帅，碳能科技CEO，吉林大学工学学士、哲学硕士。2005年在北京师范大学成人教育学院担任辅导员；2006年创立教育文化传播公司，开展新型教育理念推广，普及继续教育与终生教育，并成功获得资本支持，分别在北京、上海、杭州等城市设立分支机构，积累了深厚的公司组织管理经验、领导力和市场拓展能力。 田力 CMO 田力，碳能科技CMO，山东大学工商管理本科，负责政府关系及商务拓展。2006年合伙成立美联天成投资有限公司，从事矿产投资及生产业务；2011年进入北京大学校友会工作，成立北京大学企业家俱乐部；2013年发起成立北京大学创业训练营，期间三年兼任聚美优品公关部高级总监，协助聚美优品在纽交所上市。 
2021-10-09,中储国能,先进制造,Pre-A轮,1.5亿人民币,"招银国际（领投）, 中科创星, 联想之星, 普华资本, 华控基金",75000,先进制造、新能源、新能源,中储国能是一家新能源服务提供商，中储国能专注于压缩空气储能技术，技术源自中国科学院工程热物理研究所，是通过科技成果作价入股的方式创办的产业化公司。,暂未收录该公司团队信息 请告诉我们，让我们做得更好 
2021-09-30,兴储世纪,先进制造,C轮,未透露,"招商局资本, 川创投, 青创伯乐, 凯旋创投, 海汇投资, 鼎祥资本, 中信证券, 河南上元资产管理",25000,先进制造、新能源、新能源,兴储世纪是一家新能源智能微电网解决方案提供商，致力于为海内外客户提供智能微电网解决方案，包括风光水储充多能互补与协同的技术研发与产品生产、销售与贸易、工程设计与实施、能源管理与优化。,侯为贵 董事长 侯为贵，是中兴能源有限公司的董事长。 
2021-09-30,贵能卡本,先进制造,战略投资,8910万人民币,,22300,先进制造、新能源、新能源,贵能卡本是一家瓦斯发电及煤层气利用技术提供商。公司坚持“立足贵州、专注燃气、上下延伸、适度多元”的总体发展战略，经过 30余年发展，在天然气业务方面公司已成为贵州省供气量最大、管网覆盖区域最广的城市燃气专业运营商。,暂未收录该公司团队信息 请告诉我们，让我们做得更好 
2021-09-29,奥动新能源,先进制造,B轮,15亿人民币,"粤商创投, 春阳资本, KIP韩投伙伴, 恩泽基金（领投）",750000,先进制造、新能源、电池,奥动电吧是一家新能源汽车换电服务提供商，致力于电动汽车换电服务、电池全生命周期管理及换电站商业化运营。用户可以通过APP自主查询附近的汽车换电站，3分钟内即可成功换电，无需自建充电桩，从而延长汽车使用寿命。,蔡东青 董事长 蔡东青，奥飞娱乐董事长。中山大学EMBA。具有现代经营理念和管理知识。1989年创办奥迪玩具有限公司，已发展成一家集科工贸于一体、产供销相结合的大型民营企业。奥迪双钻品牌被广东工商行政管理局认定为“广东省著名商标”。担任第十届全国青联委员、广东省青联委员、中国玩具协会副会长、广东省玩具协会副会长、汕头市人大代表。 
2021-09-27,天华时代,先进制造,战略投资,未透露,宁德时代,50000,先进制造、新能源、新能源,"天华时代是一家新能源产业投资服务商，专注于能源投资领域，主要以自有资金从事投资活动，包括金属矿石销售、技术开发等服务。
",暂未收录该公司团队信息 请告诉我们，让我们做得更好 
2021-09-27,Wattwatchers,先进制造,B轮,530万美元,"Kilara Capital（领投）, CEFC（领投）",17225,先进制造、新能源、新能源,Wattwatchers是一个澳大利亚数字能源平台，旨在利用从住宅到工业用途的可再生能源部署，基于数据分析技术，使空调、热水、太阳能电池和电动汽车充电等家用电器能够集成和控制。,暂未收录该公司团队信息 请告诉我们，让我们做得更好 
2021-09-26,Focused Energy,先进制造,种子轮,1500万美元,Prime Movers Lab（领投）,48750,先进制造、新能源、新能源,"Focused Energy是一家美国清洁替代能源研发商，专注于聚变发电及能源商业化，通过激光压缩聚变燃料并点燃导致能量爆发，从而生产出大量清洁能源。
",暂未收录该公司团队信息 请告诉我们，让我们做得更好 
2021-09-22,唐锋能源,先进制造,B轮,数亿人民币,"光速中国（领投）, 高瓴投资, 朗玛峰创投, 昆仲资本, 金浦投资",150000,先进制造、新能源、电池,上海唐锋能源科技有限公司是一家从事燃料电池膜电极研发、生产、测试和销售的专业化公司，目前专注于氢能源燃料电池膜电极开发，所开发和生产的低成本、高性能和长寿命燃料电池膜电极达到国际先进水平。,章俊良 董事长兼总经理 章俊良，唐锋能源创始人、董事长兼总经理。担任上海交通大学致远学院常务副院长、上海交通大学燃料电池研究所教授。1994年和1997年毕业于上海交大，分别获学士和硕士学位。2005年于美国纽约州立大学石溪分校获博士学位。2002年3月至2007年5月在美国Brookhaven国家实验室材料科学部和化学部从事博士和博士后研究。2007年5月加入美国通用汽车公司研发总部，电化学能源研究实验室，任研究科学家，2009年1月晋升为高级研究员。2011年9月全职加入上海交通大学。 
2021-09-19,Arcadia,先进制造,D轮,1亿美元,"Tiger Global老虎海外（领投）, Wellington Management, Reimagined Ventures, Camber Creek, Energy Impact Partners, BoxGroup, Drawdown  Fund（领投）, MCJ Collective, G2 Venture Partners, Inclusive Capital",325000,先进制造、新能源、新能源,Arcadia是一个家庭能源平台，提供清洁能源和节约能源。阿卡迪亚电力公司正在从地面改造客户效用体验，并将其个人化.他们提供客户每月无缝计费，获得风能，社区太阳能项目，以及对节能产品的即期融资。,暂未收录该公司团队信息 请告诉我们，让我们做得更好 
2021-09-18,美格科技,先进制造,新三板定增,未透露,小米集团（领投）,50000,先进制造、新能源、新能源,美格科技是一家移动式太阳能能源产品供应商，专注于应用高效晶体硅、非晶硅、CIGS（铜铟镓硒）、砷化镓、有机太阳能等多种太阳能电池片制作的移动式和嵌入式移动能源的终端应用产品，产品包括太阳能充电器、太阳能背包及智能门窗等。,桂裕鹏 董事长 桂裕鹏，武汉美格科技股份有限公司董事长。 
2021-09-17,格派新能源,先进制造,B+轮,1.92亿人民币,LG,96000,先进制造、新能源、新材料,格派新能源是一家动力电池材料提供商，公司主要业务包括钴镍锰等基础料、三元前驱体、锂电正极材料以及动力电池梯次循环利用等，致力于建设新能源动力电池产业生产圈。,曹栋强 董事长 曹栋强，格派新能源董事长。 
2021-09-17,鲲华科技,先进制造,战略投资,未透露,,50000,先进制造、新能源、电池,"鲲华科技是一家燃料电池技术及产品应用开发商，致力于燃料电池技术及产品应用开发，面向氢储能、智慧交通等应用领域，团队具有丰富的氢能应用经验和研发服务能力，可以快速形成技术应用落地和场景定制化开发的能力。同时，鲲华科技与国内领先的光伏、储能企业合作，打造风、光、储、氢一体化方案，共同开拓氢储能市场。
",暂未收录该公司团队信息 请告诉我们，让我们做得更好 
2021-09-17,易来科得,先进制造,天使轮,千万级人民币,创新工场,5000,先进制造、新能源、电池,易来科得是一家新能源电池智能设计工业软件解决方案提供商，主营业务锂离子电池/固态电池/氢能燃料电池膜电极电池设计服务与设计工具，致力于为国内外电池生产和应用企业进行“正向设计”赋能，为企业提供便捷高效的电池设计技术服务。,陈新虹 创始人 陈新虹，易来科得创始人及CEO，博士 ，毕业于南京理工大学计算流体力学专业，是周培基国际青年学者奖第一位中国获奖者、美国机械工程师协会（ASME）会员，拥有第一发明人专利20余项。她曾长期担任大型外企仿真部门负责人，在带领团队解决实际工程问题的过程中积累了大量经验，并于2018年起投身研发自主可控的多物理场仿真工具的事业。 
2021-09-16,Britishvolt,先进制造,B轮,7000万美元,"嘉能可, Carbon Transition, NG Bailey",650000,先进制造、新能源、新能源,Britishvolt是一家英国新能源汽车电池管理提供商，该公司通过制造低碳新能源电池，致力于为其电动汽车提供新能源电池动力、电池储能等业务。,暂未收录该公司团队信息 请告诉我们，让我们做得更好 
2021-09-15,宁波利维能,汽车交通,Pre-A轮,3亿人民币,"国盛集团, 中保投资, 东方嘉富, 允泰资本, 深圳君联",150000,汽车交通、交通出行、电池,利维能是一家电池管理系统研发商，致力于新能源汽车和储能市场的电池系统研究开发、生产制造、市场销售和技术服务。其主要产品包括车用电池系统、充电机、电池管理系统、储能电池系统等。,周荣兵 常务副总经理 周荣兵，2015年4月任“宁波利维能”常务副总经理，2011年出任“北京利维能”副总经理，1990年哈尔滨工业大学工学学士，1995年北京科技大学工学硕士 孙晓东 总经理 孙晓东，2015年4月任“宁波利维能”总经理、2015年12月兼“杉猫（北京）”总经理， 2016年1月任“杉杉股份”副总裁，2009年创立“北京利维能电源设备有限公司”，1991年清华大学应用物理专业理学学士。 
2021-09-13,中航锂电,先进制造,战略投资,120亿人民币,"先进制造产业投资基金, 常州高新投, 厦门创投, 武汉科创投, 成都高投",5000000,先进制造、新能源、新能源,中航锂电是专业从事锂离子动力电池、电池管理系统、储能电池及相关集成产品和锂电池材料的研制、生产、销售和市场应用开发的高科技企业，致力于为全球客户提供完整的产品解决方案和完善的全生命周期服务。致力于动力电池关键技术的研发与应用，打造具有全球影响力的锂电科技创新平台。目前公司规划产能200GWh+，全力打造全球领先的动力电池制造商和全球优秀汽车公司战略供应商。,暂未收录该公司团队信息 请告诉我们，让我们做得更好 
2021-09-13,东岛新能源,传统制造,Pre-IPO,未透露,"金达投资, 前海母基金, 温氏投资, 稼沃资本",0,传统制造、化工产业、新材料,东岛新能源是一家电池材料生产商，主要从事锂离子动力电池负极材料、正极材料、锂电池电解质材料、动力电池负极包覆材料等产品的生产，致力于为用户提供一体化的锂电池整体制造方案。,暂未收录该公司团队信息 请告诉我们，让我们做得更好 
2021-09-13,派恩杰,先进制造,Pre-A轮,数千万人民币,湖杉资本,15000,先进制造、集成电路、新能源,派恩杰是一家半导体功率器件设计研发商，致力于碳化硅与氮化镓功率器件的研制与产业化，可减少功率器件体积，广泛应用于服务器、通信基站电源、新能源汽车及电动汽车充电桩领域。,黄兴 创始人 黄兴，派恩杰创始人 
2021-09-13,润诚达,先进制造,B+轮,近亿人民币,"洪泰基金（领投）, 青岛泰富汇盈叁号, 睿智新基建, 雨辰新基建",50000,先进制造、新能源、工业4.0,润诚达是集研发、生产、销售、运营于一体的新能源充电解决方案和SaaS服务提供商，为商业、住宅等公共空间以及充电站等场景提供“充电+储能+SaaS”的全栈式解决方案。,暂未收录该公司团队信息 请告诉我们，让我们做得更好 
2021-09-10,捷氢科技,汽车交通,战略投资,1.99亿人民币,上柴股份,324803,汽车交通、汽车零部件、大公司新产品,捷氢科技是上汽集团旗下的氢燃料电池研发生产商，集研发、生产、销售燃料电池系统以及提供整车工程服务为一体，可应用于客车、中重型货车以及卡车领域。,祖似杰 董事长 祖似杰，捷氢科技董事长，上汽集团副总裁、总工程师。1968年10月出生，曾任上海汽车集团股份有限公司规划发展部投资规划科科长、战略与业务规划部投资规划科科长、战略与业务规划部总监、战略和业务规划部总监、规划部执行总监、规划部总经理、副总工程师。 
2021-09-07,Fractory,先进制造,A轮,914万美元,"OTB Ventures（领投）, Verve Capital, Startup Wise Guys, United Angels VC, Superhero Capital, Trind Ventures",29705,先进制造、新能源、新能源,Fractory.co是美国一家激光切割在线询价服务提供商，用户只需选择所需服务，比如激光切割、等离子切割、激光管、表面处理等。后台系统会据此来计算出潜在的制造商数量以及激光切割合适报价。,暂未收录该公司团队信息 请告诉我们，让我们做得更好 
2021-09-07,富骅新能源,先进制造,战略投资,未透露,宝馨科技,50000,先进制造、新能源、电池,四川富骅新能源科技是一家科技推广服务提供商。业务涵盖新能源及其材料、聚合物锂离子动力电池及高能量密度正极材料、应急电源、电瓶、储能设施的研发、生产、销售，有色金属及其衍生品的销售，商品及技术进出口业务等。,暂未收录该公司团队信息 请告诉我们，让我们做得更好 
2021-09-02,格派新能源,先进制造,B轮,未透露,浙商创投,15000,先进制造、新能源、新材料,格派新能源是一家动力电池材料提供商，公司主要业务包括钴镍锰等基础料、三元前驱体、锂电正极材料以及动力电池梯次循环利用等，致力于建设新能源动力电池产业生产圈。,曹栋强 董事长 曹栋强，格派新能源董事长。 
2021-08-31,国鸿氢能,先进制造,战略投资,未透露,"涌铧投资, 昇辉科技",50000,先进制造、新材料、电池,国鸿氢能是一家燃料电池生产商，公司主要产品包括氢燃料电池商用车、纯氢燃料备用电源、氢燃料电池电堆、燃料电池发动机等，产品广泛应用于各种车型、无人机、汽车交通、分布式电站等领域。,暂未收录该公司团队信息 请告诉我们，让我们做得更好 
2021-08-25,宇航派蒙,先进制造,B轮,6400万人民币,,32000,先进制造、新材料、环保,宇航派蒙是集生产、制造、销售于一体的中国石墨烯热管理应用领军企业，致力于新材料在大健康行业的应用，更注重“时尚轻养生”产品的开发和布局，核心产品涵盖智能穿戴、健康家居及消杀防护等领域。 2017年，宇航派蒙推出石墨烯发热理疗健康产品系列，涵盖了石墨烯发热理疗护具、保暖服饰、发热家居产品等，并成为小米有品核心供应商。,许岚 创始人 许岚，派蒙集团创始人。 潘智军 董事长 潘智军，派蒙集团董事长。 
2021-08-24,速珂智能SUPER SOCO,先进制造,战略投资,1亿人民币,"金库资本（领投）, 宁德时代, 辰韬资本",50000,先进制造、新能源、解决方案,速珂智能是一家专注于新能源二轮交通工具研发制造销售的创新型科技企业，致力于为全球创造颠覆性的新能源二轮交通工具，用极客精神做产品提供完美用户出行体验，让每个人都能享受到优质产品带来的出行乐趣。,江铭 CEO 江铭，为速珂智能科技（上海）有限公司的创始人 
2021-08-19,恒盛能源,传统制造,IPO上市,4.19亿人民币,,167600,传统制造、公用事业、新能源,恒盛能源是一家热电服务提供商，该公司主要采用煤炭作为燃料，致力通过热电联产从而产生蒸汽和电力，为用户供热，与此同时该公司为用户提供管道搭建、定期检修等相关服务与支持。,余国旭 董事长 余国旭，高中学历。1998年1月至2000年9月，任兰溪市龙马建材有限公司总经理，2000年10月至2008年6月，任浙江青龙山建材有限公司董事长，2008年7月至2009年9月，任恒鑫电力技改办主任。 
2021-08-18,零跑科技,汽车交通,C轮,45亿人民币,"中金资本（领投）, 中信建投资本, 中信戴卡, 杭州市政府",3100000,汽车交通、汽车制造、汽车交通,零跑科技是一家电动汽车研发生产商，致力于研发环保、安全、科技的新能源汽车，公司业务范围涵盖三电系统开发、电动汽车整车研发、生产与销售，并提供基于云计算的车联网解决方案。,朱江明 董事长 朱江明，浙江零跑科技有限公司董事长，毕业于浙江大学信息与电子工程学系，本科学历；工程师。2008年1月至2010年5月任杭州摩托罗拉科技有限公司业务运营总监、总经理。2001年3月创立了大华股份，现任浙江大华技术股份有限公司常务副总裁；2011年2月至今任蓝联科技董事长；零跑科技董事长。曾荣获杭州市2003-2004年度先进科技工作者称号；2006年被浙江省安全技术防范行业协会聘任为“浙江省安全技术防范行业专家”。 
2021-08-17,联储能源,先进制造,A轮,数千万人民币,"东海证券（领投）, 常州能源",15000,先进制造、新能源、工业4.0,联储能源是一家专业从事储能技术开发应用与储能核心装备制造集成的高新技术企业。公司的熔盐储能技术可广泛应用于光热发电，智能电网调峰及清洁能源供暖等领域。,暂未收录该公司团队信息 请告诉我们，让我们做得更好 
2021-08-16,爱康光电,先进制造,战略投资,3亿人民币,浙能电力,150000,先进制造、新能源、新能源,爱康光电是一家光伏组件智能制造商，主营太阳能电池及太阳能电池组件研究、生产、销售，太阳能电池、太阳能电池组件、晶体硅材料、太阳能器具销售等业务。,暂未收录该公司团队信息 请告诉我们，让我们做得更好 
2021-08-13,一道新能源,先进制造,A轮,未透露,"招商局创投, 蚨库投资",10000,先进制造、新能源、新能源,"一道新能源是一家太阳能光伏制造商。位于浙江衢州绿色产业集聚区，总用地面积约600亩，建设规模达5GW高效单晶硅太阳能电池以及3GW高效组件。 公司核心团队有着丰富的光伏组件、电池研发、生产、销售经验，严格的质量管控体系和客户服务理念, 拥有先进的自主知识产权，为客户提供行业领先的高品质产品和可靠的服务。",暂未收录该公司团队信息 请告诉我们，让我们做得更好 
2021-08-13,博清科技,智能硬件,战略投资,未透露,"凯旋创投（领投）, 力合科创（力合创投）, 方正和生投资",50000,智能硬件、机器人、机器人,博清科技是一家爬行焊接机器人研发商，旗下产品包括无轨导全位置爬行焊接机器人、平面自主移动焊接机器人等，具有自主识别焊缝、弯曲焊缝等功能，主要应用于油气化工、造船业、核电、水电、新能源等领域。,冯消冰 创始人 冯消冰，北京博清科技有限公司董事长 
2021-08-13,亿华通,先进制造,IPO上市后,未透露,,50000,先进制造、新能源、新能源,亿华通是一家从事新能源交通技术研发及产业化的高新技术企业，公司一直专注于燃料电池动力系统为核心的新能源汽车核心技术研究，形成了基于国外电堆的HD燃料电池动力系统产品、基于国产电堆的G系列燃料电池动力系统产品。,张国强 董事长 张国强，亿华通董事长。2012年6月毕业于清华大学公共管理专业，2013年9月至今，就读于中国科学研究院管理科学与工程专业。2003年8月至2005年4月，就职于北汽福田汽车股份有限公司，任总经理秘书；2005年5月至2012年6月，就职于北京清能华通科技发展有限公司，历任部门经理、副总经理；2014年10月至2015年7月，任北京亿华通科技有限公司董事长兼总经理。现任清佰华通执行董事、北京亿华通科技有限公司执行董事、水木华通董事长、上海神融新能源董事长。 
2021-08-11,Ambri,先进制造,战略投资,1.44亿美元,"Reliance Industries, Paulson Co",468000,先进制造、新能源、新能源,"Ambri是美国一家液态金属电池生产商，专注于为用户提供电力存储解决方案，为用户提供液态金属电池产品。
",暂未收录该公司团队信息 请告诉我们，让我们做得更好 
2021-08-10,采日能源,先进制造,A轮,1亿人民币,"创新工场（领投）, 同创伟业, 水发能源, 三峡电能",50000,先进制造、新能源、新能源,采日能源是一家储能控制系统及数据服务提供商，拥有储能系统3S控制技术（电池管理系统-BMS、能源管理系统-EMS、储能双向转换器-PCS），提供优质的产品和服务。,暂未收录该公司团队信息 请告诉我们，让我们做得更好 
2021-08-10,胜利股份,先进制造,IPO上市后,5.42亿人民币,中油燃气,271000,先进制造、新能源、新能源,"胜利股份是一家天然气供应服务提供商，该公司致力于清洁能源的开发利用，为用户提供天然气输配管线、天然气城市管网、液化天然气、压缩天然气及天然气分布式能源等服务，同时公司的业务还包括生产塑胶管道等。
",暂未收录该公司团队信息 请告诉我们，让我们做得更好 
2021-08-04,光科全息,智能硬件,A轮,千万级人民币,投控东海,5000,智能硬件、AR/VR设备、新材料,光科全息是一家光子晶体型光学薄膜研发商，公司围绕光子晶体材料专利技术，主要研制生产全息薄膜，透明双面，激光电视和HUD显示器，AR、VR显示技术、器件等产品及相关技术的研发。,郭滨刚 创始人 郭滨刚，深圳市光科全息技术有限公司创始人。 屈立军 CEO 屈立军，深圳市光科全息技术有限公司CEO。 
2021-08-03,致德新能源,先进制造,A轮,未透露,"华睿投资, 臻泰股权",10000,先进制造、新能源、新能源,"致德新能源是一家锂电池用高容量硅负极材料研发商，专注于锂电池用高容量硅负极材料研发、生产及销售。致德新材以其强劲的研发实力，整合硅、碳领域的资源及技术，合成了新型硅碳负极材料，确保客户能够生产出性能更好的电池。目前公司已掌握了核心硅碳材料的低成本纳米化制备技术，同时通过自研核心设备打破了国外龙头对硅碳负极的硬件垄断，实现了低成本高品质的全产业链布局。
",房冰 董事长 房冰，致德新能源董事长。 
2021-08-03,升华新材,先进制造,战略投资,1.44亿人民币,宁德时代,72000,先进制造、新能源、新材料,升华新材是一家锂电池正极材料研发商，集研发、生产、销售于一体，面向新能源汽车领域提供动力电池正极材料。,暂未收录该公司团队信息 请告诉我们，让我们做得更好 
2021-08-02,曜能科技,先进制造,A轮,数千万人民币,,15000,先进制造、新能源、新能源,曜能科技是一家钙钛矿薄膜太阳能电池研发商，其核心技术和产品为钙钛矿薄膜太阳能电池。曜能科技的钙钛矿/晶硅叠层光伏技术，能够与晶硅技术深度结合，突破传统单结太阳能电池的产业化光电转换效率极限，进一步降低光伏发电成本。,暂未收录该公司团队信息 请告诉我们，让我们做得更好 
2021-08-02,天仁微纳,先进制造,战略投资,未透露,哈勃投资(华为旗下),50000,先进制造、新材料、新材料,天仁微纳是世界领先的微纳加工设备和解决方案提供商。我们专注于纳米加工领域，尤其是纳米压印技术。公司的核心竞争力是为客户提供纳米压印整体解决方案。产品与服务涵盖纳米压印相关的设备、模具、材料、工艺以及生产咨询服务。我们致力于拓展纳米压印技术在创新产品领域的应用，例如发光二极管(LEDs)、微纳机电系统(MEMs/NEMs)、虚拟现实和增强现实光波导(AR Waveguides)、3D传感、生物芯片、显示以及太阳能等。,冀然 创始人 冀然，天仁微纳创始人、董事长。冀然2000年从北京科技大学本科毕业后，选择奔赴德国亚琛工业大学留学深造。他师从欧洲纳米压印之父Kurz教授，研究纳米压印设备与材料，自此与该行业结下不解之缘。2004年硕士毕业后，冀然来到德国哈雷马普微结构物理研究所攻读博士，并在毕业后加入丹麦纳米压印模版制造商。2008年，世界半导体设备领头羊公司德国慕尼黑苏斯公司向冀然发出邀请函，担任纳米压印技术首席专家，主要负责纳米压印设备开发与市场推广。2015年冀然回国创业。 
2021-07-30,德燃动力,先进制造,A轮,数千万人民币,"岭澜资本, 中肃资本",15000,先进制造、新能源、新能源,"德燃动力是一家新能源汽车燃料电池系统研发商，定位于燃料电池汽车、工程及特种车辆动力系统、氢储能系统领域，产品包括燃料电池系统、燃料电池专用空压机及相关工程服务。
",暂未收录该公司团队信息 请告诉我们，让我们做得更好 
2021-07-28,恒盛能源,传统制造,退市,未透露,,50000,传统制造、公用事业、新能源,恒盛能源是一家热电服务提供商，该公司主要采用煤炭作为燃料，致力通过热电联产从而产生蒸汽和电力，为用户供热，与此同时该公司为用户提供管道搭建、定期检修等相关服务与支持。,余国旭 董事长 余国旭，高中学历。1998年1月至2000年9月，任兰溪市龙马建材有限公司总经理，2000年10月至2008年6月，任浙江青龙山建材有限公司董事长，2008年7月至2009年9月，任恒鑫电力技改办主任。 
2021-07-27,治臻新能源,先进制造,战略投资,未透露,"龙腾资本, 东证资本, 上海自贸区基金, 朗玛峰创投, 兴业资管-兴业证券",50000,先进制造、新能源、电池,治臻新能源是中国第一家专业研发，生产制造和销售燃料电池金属极板的高科技创新企业。通过长期持续的研发和不断的技术积累，上海治臻在先进制造以及燃料电池关键材料、核心组件、燃料电池发动机及燃料电池汽车等方面有着丰富的研发和生产制造经验。已研发和掌握了具有自主知识产权的燃料电池金属极板流场、精密成形、高速焊接和高性能涂层等先进技术。目前已建成了一条专业完整的燃料电池金属极板生产线。,暂未收录该公司团队信息 请告诉我们，让我们做得更好 
2021-07-26,微宏动力,汽车交通,IPO上市,8.22亿美元,,1593800,汽车交通、汽车后服务、电动车,微宏是一家集新能源及储电技术、组合化学与化工新流程的研发、生产和销售于一体的现代化高新技术企业，主打产品为微宏快充电池：充电10分钟续航300公里。微宏动力系统（湖州）有限公司旗下产品。,吴扬 CEO 吴扬， 为微宏动力系统（湖州）有限公司CEO，他拥有20多年的技术开发与企业运营经验。当大部分同行还在开发磷酸铁锂电池的时间，他将微宏目标设立在快充电池技术，以解决电动汽车发展面临的困境。在2000年创立了欧美环境，专注于先进膜技术的开发与工程化，6年时间便成为行业领导者。2006年欧美环境被美国陶氏化学重金收购。 
2021-07-22,蓝天燃机,先进制造,战略投资,7471万人民币,华光环能,37400,先进制造、新能源、新能源,蓝天燃机是一家电力热力生产供应商，以天然气为燃料，投建了国内首个综合应用天然气热电联产、光能、风能、余热余压、LED、储能系统等六种能源系统的“六位一体”智慧能源中心。,暂未收录该公司团队信息 请告诉我们，让我们做得更好 
2021-07-20,小哈换电,先进制造,战略投资,数亿人民币,"大湾区共同家园发展基金, 磐谷创投, 慕华资本(慕华教育)",150000,先进制造、新能源、新能源,小哈换电是两轮电动车换电行业全国首家获《电动自行车充换电柜技术规范》中国质量认证中心CQC标准认证企业，作为两轮换电网络运营服务商，为广大两轮电动车出行用户提供电池更换服务，包括B端也包括C端用户。其体系由智能锂电池、智能换电柜及后台一体化智能管理系统组成，可应用于日常生活通勤、城市商业物流、大学校园出行、旅游景区交通等多个场景。,杨磊 CEO 杨磊，哈罗单车创始人、车钥匙创始人、爱代驾CEO，连续创业者。历经3次创业，他主导的第一家公司，以亿计美金出售；第二家，他是联合创始人，该公司而今在业界依然红火；他所执掌的第3家公司是爱代驾；而后创业做车钥匙、哈罗单车。 
2021-07-14,SolidEnergy,先进制造,战略投资,未透露,LG集团,325000,先进制造、新能源、电池,SolidEnergy是新一代锂电池负极技术的开发者，专注于大幅提升锂电池的能量密度和安全性，可广泛应用于3C、动力电池领域。,暂未收录该公司团队信息 请告诉我们，让我们做得更好 
2021-07-14,Heart Aerospace,先进制造,战略投资,未透露,"Breakthrough Energy Ventures, 美联航, Mesa Airlines",325000,先进制造、新能源、新能源,Heart Aerospace是一家新能源飞机研发商，公司预计在2025年提供飞行范围400公里之内的19座新能源飞机商用。公司在推动项目时主要考虑环保因素、成本及定价、飞行线路因素。,暂未收录该公司团队信息 请告诉我们，让我们做得更好 
2021-07-08,联盛新能源,先进制造,B轮,未透露,源码资本,15000,先进制造、新能源、新能源,联盛新能源是一家光伏电站投建服务商及环保电力供应商，可以提供包括硬件产品和软件运维服务在内的整套解决方案。主要业务包括全球太阳能电站项目开发、投资、建设、融资、运维等，业务覆盖亚洲、欧洲、非洲、美洲等数十个国家与地区，全球光伏电站项目开发及投建规模超过1GW。,何旖莎 董事长 何旖莎，联盛新能源董事长。 
2021-07-08,古浪绿舟,先进制造,战略投资,8020万人民币,珈伟新能,40100,先进制造、新能源、新能源,古浪绿舟是一家光伏发电服务商。从事光伏系统设计、安装、技术服务、技术转让等服务，同时从事电力生产与销售。,暂未收录该公司团队信息 请告诉我们，让我们做得更好 
2021-07-05,SolidEnergy,先进制造,战略投资,1亿美元,Hyundai Motor Company,325000,先进制造、新能源、电池,SolidEnergy是新一代锂电池负极技术的开发者，专注于大幅提升锂电池的能量密度和安全性，可广泛应用于3C、动力电池领域。,暂未收录该公司团队信息 请告诉我们，让我们做得更好 
2021-06-30,昆宇新能源,先进制造,C轮,数亿人民币,兴旺投资,150000,先进制造、新能源、新能源,昆宇新能源是一家通信储能锂电池生产商，专业从事锂离子电池研发、生产和销售的高新技术企业。掌握通讯用锂电池和电动车用锂电池核心技术，拥有自主知识产权，具有强大的研发、制造、质量保证和售后服务能力。,暂未收录该公司团队信息 请告诉我们，让我们做得更好 
2021-06-28,BreezoMeter,本地生活,C轮,3000万美元,Fortissimo Capital（领投）,97500,本地生活、其他生活服务、本地生活,BreezoMeter由Ran Korber于2014年创办，是一家空气质量分析服务提供商，为全球超过25个国家提供空气质量分析服务和数据，致力于改善个人、企业以及城市的健康状况和生活质量。,暂未收录该公司团队信息 请告诉我们，让我们做得更好 
2021-06-28,协鑫智慧能源,先进制造,战略投资,7.3亿人民币,协鑫能科,365000,先进制造、新能源、新能源,协鑫智慧能源股份有限公司系协鑫集团有限公司旗下企业，公司为用户提供清洁能源生产的电、热、冷等能源产品，同时稳步开展能源服务，开拓能源互联网市场，为用户提供能源智能控制、需求侧管理、能源交易、能源金融等服务，独创“源-网-售-用-云”能源互联新模式，致力于为用户提供一体化综合“互联网+”智慧能源服务。,朱钰峰 董事长 朱钰峰，协鑫智慧能源董事长。 
2021-06-25,Electric Hydrogen,先进制造,A轮,2400万美元,"Breakthrough Energy Ventures（领投）, Prelude Ventures, Technology Development Fund",78000,先进制造、新能源、新能源,"Electric Hydrogen是一家美国可再生能源公司，使用低成本的可再生电力生产清洁氢气，以帮助缓解用户对化石燃料的依赖。
",暂未收录该公司团队信息 请告诉我们，让我们做得更好 
2021-06-25,中车新能源科技,先进制造,战略投资,4.95亿人民币,"凯联资本, 金石投资, 中国中车, 中车产投, 中车绿脉",247500,先进制造、新能源、新材料,"中车新能源科技是一家电容器研发服务提供商，主要提供电容器复合材料、电容器电极、电容器单体、储能电源模组、系统集成等的研发，主要为用户提供电容驱动与能量回馈方案及装备。
",暂未收录该公司团队信息 请告诉我们，让我们做得更好 
2021-06-22,赣锋锂业,先进制造,IPO上市后,48.54亿港元,,1941600,先进制造、新能源、新能源,赣锋锂业是一家于锂铷铯和锂电新材料系列产品研发商，公司的产品包括金属锂系列、锂电新材料系列、有机锂系列、锂盐系列、锂系合金及氢化物系列、铷铯盐系列、其他系列等七大系列，可应用于新医药、新材料、新能源领域。,李良彬 董事长 李良彬，赣锋锂业董事长。 
2021-06-18,盟维新能源,先进制造,A轮,未透露,"中科创星, 合肥创投",10000,先进制造、新能源、新能源,盟维新能源专注于储能关键材料 、动力电池系统 、锂硫电池技术研究，针对无人机 、新能源动力汽车 、电子便携产品 、可穿戴设备等应用领域客户提供储能系统解决方案，致力于打造全球新能源领域标志性企业，推进储能产业革新技术，提高行业技术发展水平。,暂未收录该公司团队信息 请告诉我们，让我们做得更好 
2021-06-17,链宇科技,先进制造,天使轮,千万级人民币,真格基金,5000,先进制造、新能源、新能源,"链宇科技孵化于清华大学新能源动力系统欧阳明高院士研究团队，是在碳中和使命目标下聚焦于能源交通协同创新的高科技初创企业，在锂离子电池和电力电子器件领域拥有丰富的研发和产品经验。聚焦全气候智慧能源系统，依托具有10余年核心技术积累的电池+电力电子+智能算法，强耦合的技术应用平台，自主研发了独具特点的锂电池低温极速加热技术、低温快速充电技术，智慧储能管理技术，车网能量互动技术等创新性与应用价值很强的系统解决方案，重点面向电动汽车低温续航缩水和冬季充电痛点、储能系统的全气候能量管理与双向电能互动解决方案、车网互动智能双向充电桩与聚合平台三项业务布局。
",暂未收录该公司团队信息 请告诉我们，让我们做得更好 
2021-06-16,阳光电源,先进制造,战略投资,40亿人民币,,2000000,先进制造、新能源、新能源,阳光电源是一家新能源电源设备研发生产商，专注于太阳能、风能、储能、电动汽车等新能源电源设备的研发、生产、销售和服务的高新技术企业。 主要产品有光伏逆变器、风能变流器、储能系统、新能源汽车驱动系统、水面光伏浮体、智慧能源运维服务等，并致力于提供全球一流的光伏电站解决方案。,曹仁贤 董事长 曹仁贤先生：中国国籍，出生于1968年7月，硕士，享受国务院特殊专家津贴，中国农工党党员，第十届安徽省政协委员，中国电源学会常务理事，中国可再生能源学会理事，中国农机工业协会风能设备分会副理事长，安徽省光伏产业技术创新战略联盟理事长，安徽省自动化学会副理事长，安徽省可再生能源电源工程技术研究中心主任。 
2021-06-15,格林晟科技,先进制造,B轮,3亿人民币,"清控银杏创投（领投）, 允泰资本（领投）, 钛信资本, 立功管理, 景祥资本, 合勤资本",150000,先进制造、新能源、新能源,"格林晟科技是一家锂电池设备生产商，集研发、制造、销售于一体，专注于数码类电池、动力电池的生产关联设备的整体方案，为用户提供模切机系列、叠片机系列、卷绕机系列、组装自动线、注液机系列，以及MES系统等产品。
",暂未收录该公司团队信息 请告诉我们，让我们做得更好 
2021-06-10,EcoFlow正浩,先进制造,B轮,1亿美元,"红杉资本中国（领投）, 高瓴创投, 中金公司",650000,先进制造、新能源、电池,EcoFlow正浩是一家专注于移动储能产品研发、生产与销售的科技企业，产品应用领域涉及户外便捷用电、个人及家庭储能，行业应用等，致力于为全球用户提供清洁普惠的用电方式，加速清洁能源在全球范围的普及。,王雷 创始人 王雷，EcoFlow创始人、CEO。本科及博士分别毕业于香港理工大学及香港大学，在校期间以优异的成绩获得全额奖学金；并曾就职于DJI 大疆，创立了电池研发部，并带领团队突破无人机续航时间瓶颈。 
2021-06-07,Marine Power Systems,先进制造,战略投资,95万英镑,"Andrew Diplock, 威尔士发展银行",4180.000000000001,先进制造、新能源、新能源,Marine Power Systems是一家海洋发电服务提供商，持续验证并提升发电系统的可靠性、安全性和效率。,暂未收录该公司团队信息 请告诉我们，让我们做得更好 
2021-05-26,太蓝新能源,先进制造,天使轮,未透露,"君联资本, 拉萨继联投资, 华清控股",500,先进制造、新能源、新能源,太蓝新能源是一家新兴能源技术研发商，专注于新兴能源、资源再生利用以及电子专用材料技术研发，为用户提供电池销售、蓄电池租赁、石墨及碳素制品销售等服务。,暂未收录该公司团队信息 请告诉我们，让我们做得更好 
2021-05-25,昇科能源,先进制造,Pre-A轮,数千万人民币,"蓝驰创投（领投）, 常见投资",15000,先进制造、新能源、新能源,昇科能源是一家专注于新能源汽车动力电池及储能系统安全解决方案的高新技术企业。依托清华大学电池安全实验室，聚集了一批在电池成组、电池管理、能源管理、安全管理等领域有着丰富经验的优秀人才，团队成员具有多年电池系统安全管理系统的设计，制造，维护经验，熟悉完整产业链，研发创新了电池热安全分析，安全快充技术，电池系统大数据诊断以及故障预警技术等多项尖端技术和设备产品，可应用于新能源交通工具及储能领域，大幅提升系统安全性、稳定性，用智慧为电池赋能。,褚政宇 CEO 褚政宇，昇科能源CEO。清华大学化学工程系博士后，清华大学车辆与运载学院学士与博士。 
2021-05-24,恩力动力,先进制造,Pre-A轮,未透露,"中科创星, 磐谷创投",10000,先进制造、新能源、电池,上海恩力动力技术有限公司是恩力能源科技有限公司的关联企业，专注于下一代高性能动力电池（全固态电池）研发、产业化及销售的初创企业。,暂未收录该公司团队信息 请告诉我们，让我们做得更好 
2021-05-19,威铭能源,先进制造,战略投资,5000万人民币,腾讯投资,80000,先进制造、其他工业、大公司新产品,威铭能源是威胜信息(688100.SH)控股公司，公司以芯片技术、传感技术、通信技术、边缘计算技术为核心，支持能源产业链的数字化和智能化，是一家能源互联网综合解决方案服务商，公司业务涵盖水、气、热等计量、监测和控制产品及其管理软件的研究、开发、生产和销售等。,暂未收录该公司团队信息 请告诉我们，让我们做得更好 
2021-05-19,博萃循环,先进制造,Pre-A轮,数千万人民币,蓝驰创投,15000,先进制造、新能源、新材料,博萃循环是一家动力电池回收解决方案提供商，致力于稀有稀贵金属资源提取、高端金属材料再生利用的工艺研发和装备研制。通过分离系统的创新，短时闭环过程的设计以及智能设备的制造，Botree Cycling为新能源，新材料和资源循环利用行业提供了一套完整的解决方案，以实现对关键金属资源的有效和清洁利用，包括Ni，Co，Li，W和V，以减少初级矿产资源的消耗，提高材料的二次利用价值。,"林晓 CEO 林晓，北京博萃循环科技有限公司CEO，中国标准化行政管理总局废旧化学处理国家技术委员会委员，中国国家资源循环利用协会报废汽车分会国家专家。国家和企业工程项目50项，国家科技发明二等奖1项，省部级科技奖一等奖5项，授权专利30项，《动力电池蓝皮书》主要作者，《废动力电池回收》白皮书”。
 刘刚锋 技术总监 刘刚锋，博萃循环技术总监。日本早稻田大学博士，曾在贺利氏、天齐锂业负责技术开发和生产运营，获评省市级人才奖项4项。 "
2021-05-18,深度视觉,先进制造,Pre-A轮,数千万人民币,中关村启航基金,15000,先进制造、工业4.0、工业4.0,杭州深度视觉是一家工业检测领域解决方案提供商，利用分布式运算、人工智能、大数据等技术，面向传统汽车零部件、航空零部件、新能源、纺织、3C等领域用户，提供高精度外观检测的解决方案，帮助用户解决工业检测问题。,王帅林 创始人 王帅林，深度视觉创始人。 
2021-05-13,小藻科技,先进制造,B轮,数亿人民币,"东方富海（领投）, 清控银杏创投（领投）",150000,先进制造、新能源、环保,小藻科技是一家专注于微藻产业的公司，建立了从育种、养殖、提取到销售的全产业链生态。同时也是全球首家以商业模式生产富含EPA藻油的企业。,俞威 总经理 深圳市前海小藻科技有限公司创始人 
2021-05-12,常州锂源新能源,先进制造,战略投资,4.45亿人民币,"龙蟠科技, 贝特瑞, 恒旭资本",222500,先进制造、新能源、新能源,常州锂源新能源是一家新能源材料供应商，主要提供磷酸铁锂正极材料等。,石俊峰 董事长 石俊峰，江苏龙蟠科技股份有限公司董事长兼总经理。常州锂源新能源科技董事长。 
2021-05-07,昆宇电源,先进制造,A轮,未透露,"兴旺投资, 光大控股, 易科汇资本, 中泰证劵(齐鲁证券), 人合资本, 前海母基金, 深创投",10000,先进制造、新能源、新能源,昆宇电源是一家应用储能系统商，专注于通信、电力、动力电池、数据中心、家用、船用等多领域应用储能系统的研发、制造和销售，为全球新能源领域提供产品支撑一体化解决方案。,暂未收录该公司团队信息 请告诉我们，让我们做得更好 
2021-05-07,爱驰汽车AIWAYS,汽车交通,战略投资,数亿人民币,宁德时代,1820000,汽车交通、汽车制造、电动车,爱驰汽车AIWAYS是一家智能电动车制造商，通过运用线上和线下模式组合，以及研发后市场的资源整合，对消费群体提供产品与服务。主要面向普通消费阶层的产品，提倡智能化、电动化、电商化、共享化。,付强 创始人 付强，爱驰汽车创始人、总裁。哈尔滨工业大学技术经济与管理博士生，有资深管理和营销经验，曾推动一汽大众奥迪和上海大众斯柯达品牌在中国的发展。曾任北汽奔驰执行副总裁、沃尔沃汽车中国销售有限公司总裁兼CEO。 谷峰 联合创始人 谷峰，爱驰汽车联合创始人。上海财经大学研究生毕业，管理学博士，教授级高级会计师。曾历任上海汽车工业（集团）总公司财务部副经理、上海汽车集团股份有限公司财务部副经理、资本运营部执行总监、财务总监兼资本运营部执行总监、上海汽车投资管理有限公司总经理、上汽香港投资公司总经理、上汽集团CFO。 陈炫霖 董事长 陈炫霖，爱驰汽车董事长，上海中通瑞德投资集团有限公司董事长，兼任上海万象汽车制造有限公司董事长，目前执掌的中通瑞德投资集团（广微控股）是一家聚焦泛交通产业投资及产业运营的综合性集团，公司产业涉及汽车制造与商贸、通航产业及科技制造领域，主要产业公司为万象汽车、浙江中通控股、亚联公务机等。 张洋 CEO 张洋，爱驰汽车CEO。曾担任蔚来汽车产业发展副总裁等职务，拥有丰富的行业经验和资源。 展开全部 
2021-05-04,玫克生储能,先进制造,A轮,未透露,"香港X科技基金, 英诺天使基金",10000,先进制造、新能源、人工智能,玫克生储能起源起美国硅谷MakeSens公司，是一家由美国硅谷数据分析团队及华为硬件团队组成的专家团队，围绕电池软硬件具有先进技术研究能力的科技型公司。技术团队一直致力于锂电池全生命周期的检测、诊断和分析技术的研发与应用，以大数据及AI技术围绕电池全生命周期的智能化管理，通过自主研发的硬件终端智能化实现电池长寿、安全的高效管理。,暂未收录该公司团队信息 请告诉我们，让我们做得更好 
2021-04-28,Gridtential,先进制造,战略投资,1200万美元,"硅谷银行Silicon Valley Bank, August Capital, 1955 Capital（领投）, ReneSola, East Penn Manufacturing, Crown Battery, Roda Group",39000,先进制造、新能源、电池,Gridtential Energy的双极电池技术Silicon Joule将熟悉的铅电池转变为功能强大，快速充电，持久的电动汽车，家庭和办公室能源。同时无缝集成到现有的电池制造和回收基础架构中。结果是一个高性能，低成本，可快速扩展的技术平台，该平台还消除了故障机制，延长了循环寿命，并从根本上改善了电源性能。,暂未收录该公司团队信息 请告诉我们，让我们做得更好 
2021-04-28,绿霆动力,先进制造,战略投资,10亿人民币,蓝源资本,500000,先进制造、新能源、新能源,绿霆动力是一家专业研发、生产、制造、销售和服务各种固态动力锂电池的创新型高科技企业，致力于成为全球新能源应用领域一流解决方案提供商。绿霆动力坚持以“技术为根、服务为本、金融为翼、终端为王”的发展理念，铸就以动力和储能电池领域，材料、电芯、电池系统、电池回收二次利用等全产业链研发及生产制造的核心技术能力。整合产业链优势资源，服务新能源整车企业、零部件企业及终端客户，以解决行业后顾之忧。,暂未收录该公司团队信息 请告诉我们，让我们做得更好 
2021-04-27,金羽新能,先进制造,Pre-A轮,数千万人民币,"方正和生投资, 腾午基金",15000,先进制造、新能源、环保,金羽新能是一家钛电池及其配套储能解决方案研发商，公司研制的高性能环保水系电池，产品的能量密度比铅酸电池要高，在温度-30度到50度的条件下可以稳定运行，产品可广泛应用在新能源汽车、电子产品以及电动摩托车等领域。,黄杜斌 CEO 北京大学博士和锂金属电池行业规范的起草人之一，对锂金属电池的制造工艺和商用条件有深刻的了解。 
2021-04-26,悦阳光伏,先进制造,战略投资,2420万人民币,阳光能源,12100,先进制造、新能源、电池,悦阳光伏主要产品为太阳能电池板，我公司专注于新能源光伏组件产品的研发、生产和应用，力求为清洁可再生能源创造优质产品。,暂未收录该公司团队信息 请告诉我们，让我们做得更好 
2021-04-25,慧能泰,先进制造,A+轮,5000万人民币,"深圳高新投, 广发乾和, 微禾投资, 哇牛资本, 擎石投资, 广东昀升股权投资合伙企业（有限合伙）",25000,先进制造、集成电路、新能源,慧能泰是一家混合信号芯片开发商，专注于高性能模拟和混合集成电路开发的定义、开发和商业化推广，主营以为分为USB接口与电池管理系统和智能化数字控制能源转换系统两大类，旗下产品可应用于新能源管理、智能化LED调光控制等领域。,暂未收录该公司团队信息 请告诉我们，让我们做得更好 
2021-04-20,SolidEnergy,先进制造,D轮,1.39亿美元,"通用汽车（领投）, 祥峰投资Vertex, Applied Ventures, 尚颀资本, 天齐锂业, SK Holdings, 淡马锡Temasek",451750,先进制造、新能源、电池,SolidEnergy是新一代锂电池负极技术的开发者，专注于大幅提升锂电池的能量密度和安全性，可广泛应用于3C、动力电池领域。,暂未收录该公司团队信息 请告诉我们，让我们做得更好 
2021-04-19,国鸿氢能,先进制造,战略投资,未透露,"润土投资, 国中创投-国家中小企业发展基金",50000,先进制造、新材料、电池,国鸿氢能是一家燃料电池生产商，公司主要产品包括氢燃料电池商用车、纯氢燃料备用电源、氢燃料电池电堆、燃料电池发动机等，产品广泛应用于各种车型、无人机、汽车交通、分布式电站等领域。,暂未收录该公司团队信息 请告诉我们，让我们做得更好 
2021-04-13,波兰新宙邦Capchem,先进制造,战略投资,2932万人民币,LG集团,19547,先进制造、新能源、中国人海外创业,波兰新宙邦Capchem是深圳新宙邦科技股份在波兰的子公司，是新宙邦在波兰年产4万吨锂离子电池电解液、5000吨NMP和5000吨导电浆项目的实施主体公司。,暂未收录该公司团队信息 请告诉我们，让我们做得更好 
2021-03-30,润诚达,先进制造,B轮,数千万人民币,"雨辰投资（领投）, 睿智新基建",15000,先进制造、新能源、工业4.0,润诚达是集研发、生产、销售、运营于一体的新能源充电解决方案和SaaS服务提供商，为商业、住宅等公共空间以及充电站等场景提供“充电+储能+SaaS”的全栈式解决方案。,暂未收录该公司团队信息 请告诉我们，让我们做得更好 
2021-03-26,福源热电,先进制造,战略投资,5亿人民币,华电国际,250000,先进制造、新能源、新能源,福源热电是一家热电服务商，主要承担开发区、商务区及部分城区的采暖供热任务和提供商务区集中供冷和生活热水供应服务。,暂未收录该公司团队信息 请告诉我们，让我们做得更好 
2021-03-26,华电蒙东,先进制造,战略投资,10亿人民币,华电国际,500000,先进制造、新能源、新能源,华电蒙东是一家能源项目开发运营商，主要负责华电国际在蒙东区域（通辽、赤峰、兴安盟、呼伦贝尔）的风电以及火电、煤炭等相关能源产业项目的开发、建设、运营。,暂未收录该公司团队信息 请告诉我们，让我们做得更好 
2021-03-26,楚睿智能,先进制造,A轮,6000万人民币,拥湾资产管理,30000,先进制造、新能源、新能源,楚睿智能是一家锂电池储能系统研发商，旗下CR锂电池储能系统（柜式）该系列产品是主要针对高端工业企业，数据中心等大功率用电场景而设计的高倍率、大功率储能系统，具有高稳定性、高安全性等特点，实时保障用户的电力需求。同时该系统配备的高精度BMS，能够完美实现对锂电池模块的管理，发挥锂电池储能的最大优势。,暂未收录该公司团队信息 请告诉我们，让我们做得更好 
2021-03-25,Ubiquitous Energy,先进制造,战略投资,800万美元,ENEOS Holdings,26000,先进制造、新能源、新能源,Ubiquitous Energy是一家美国透明光伏技术开发商，其屡获殊荣的UE Power™是全球唯一真正透明的太阳能产品。利用太阳能的UE Power™是多种终端用品表面的无形电源。这种薄涂层能够涂抹于窗户玻璃表面，提供电力，提升能效，从视觉上看，这种窗户与市场上完全透明的标准窗户毫无区别。,暂未收录该公司团队信息 请告诉我们，让我们做得更好 
2021-03-23,奇点能源,先进制造,天使轮,数千万人民币,中科创星,10000,先进制造、新能源、新能源,奇点能源致力于先进储能系统中核心技术研究和产品开发，为推动大规模清洁能源接入，实现全球碳中和目标，贡献行业领先的解决方案。,暂未收录该公司团队信息 请告诉我们，让我们做得更好 
2021-03-22,潞光发电,先进制造,战略投资,5.83亿人民币,皖能电力,291500,先进制造、新能源、新能源,潞光发电是一家电力供应商，经营主要范围是建筑施工、建设、经营电厂；电力供应：销售电能、热能等。,暂未收录该公司团队信息 请告诉我们，让我们做得更好 
2021-03-15,祥邦科技,先进制造,A轮,未透露,"毅达资本, 创钰投资, 湖北高投",10000,先进制造、新材料、制造业,祥邦科技是国内封装胶膜领域的领导型企业之一。致力于研发，生产和销售光伏组件用封装胶膜，包括EVA，POE，白膜等胶膜产品。公司产品国际领先，远销欧美，东南亚，非洲等地区。尤其是在升级产品POE上，抢占市场先机，为国际公认品牌之一。公司产品已通过TUV、SGS、UL等专业检测机构检测认证，并通过ISO9001质量体系认证及14000环境体系认证。,曹祥来 创始人 祥邦科技董事长兼总经理。 
2021-03-11,H2Pro,先进制造,战略投资,未透露,"Breakthrough Energy Ventures, Horizons Ventures维港投资, 创新基金管理中心, 住友商事亚洲资本, 北京现代",325000,先进制造、新能源、新能源,H2Pro是一家以色列E-TAC水分解技术研发商，H2Pro的技术可帮助现代汽车降低制氢成本，从而降低消费者购买氢燃料的成本。,暂未收录该公司团队信息 请告诉我们，让我们做得更好 
2021-03-09,Skeleton,先进制造,战略投资,未透露,日本丸红株式会社,325000,先进制造、新能源、新能源,Skeleton是一家爱沙尼亚超级电容器制造商，该款超级电池无需普通电池的冷却系统，从而避免尺寸过大，可以大大降低成本，并延长该系统的使用寿命。该款超级电池本质上可以充当充放电高峰期时的缓冲器。,暂未收录该公司团队信息 请告诉我们，让我们做得更好 
2021-03-09,协鑫光电,先进制造,战略投资,数亿人民币,凯辉基金（领投）,150000,先进制造、新能源、新能源,协鑫光电是一家钙钛矿太阳能组件供应商，专注于钙钛矿太阳能组件的研发、生产，提供1m*2m尺寸的太阳能组件，提高钙钛矿电池的光电转化效率，降低太阳能电池的成本。,范斌 首席执行官 范斌，协鑫光电首席执行官 
2021-03-09,派恩杰,先进制造,天使轮,数千万人民币,创东方投资,15000,先进制造、集成电路、新能源,派恩杰是一家半导体功率器件设计研发商，致力于碳化硅与氮化镓功率器件的研制与产业化，可减少功率器件体积，广泛应用于服务器、通信基站电源、新能源汽车及电动汽车充电桩领域。,黄兴 创始人 黄兴，派恩杰创始人 
2021-03-08,智绿环保,汽车交通,B轮,数千万人民币,"元禾控股, 涌铧投资",60000,汽车交通、汽车零部件、汽车配件,智绿环保是一家新能源汽车电气系统供应商，公司专注于电动汽车领域大功率电子器件、高压连接、配电管理的技术研发、生产及提供整车系统的解决方案；服务从动力电池、驱动电机、三电技术到整车制造、充换电设施整个新能源汽车产业链。,"尹家彤 CEO 尹家彤，智绿chilye CEO，汽车工程学会电动汽车分会会员，国内早期从事电动汽车零部件的研发工作的专家之一，多项电动汽车行业标准的起草人；曾创立“多思达科技”，研发的电动汽车充电连接器在2010年占国内75%以上市场份额；个人申请专利超过15项。
 "
2021-03-05,Veir,先进制造,A轮,1000万美元,"Breakthrough Energy Ventures（领投）, Congruent Ventures, The Engine",32500,先进制造、新能源、新能源,Veir是一个美国蒸发式低温冷却技术平台，公司开发了一种使用高温超导体（HTS）进行电力传输的新方法，平台能够以较小的通行权增加在较低电压下传输的电量，从而将成本最低的可再生资源连接到需要的地方需要。,暂未收录该公司团队信息 请告诉我们，让我们做得更好 
2021-03-04,基本半导体,先进制造,战略投资,未透露,博世中国,50000,先进制造、集成电路、新材料,基本半导体是中国第三代半导体行业领军企业，专业从事碳化硅功率器件的研发与产业化，基本半导体掌握国际领先的碳化硅核心技术，研发覆盖碳化硅功率器件的材料制备、芯片设计、制造工艺、封装测试、驱动应用等产业全链条，先后推出全电流电压等级碳化硅肖特基二极管、通过工业级可靠性测试的1200V碳化硅MOSFET、车规级全碳化硅功率模块等系列产品，性能达到国际先进水平，应用于新能源、电动汽车、智能电网、轨道交通、工业控制、国防军工等领域。,和巍巍 创始人  和巍巍，基本半导体创始人、总经理。和巍巍博士是国内电力电子行业知名专家，中国半导体行业协会理事，国家科技部、深圳市科创委专家评委，深圳市海外高层次人才。和巍巍博士本科毕业于清华大学电机工程系，获得剑桥大学工程系电子电子专业博士学位。他在电力电子器件、驱动及应用方面造诣深厚，是目前国内少数同时掌握碳化硅领域核心技术并具有丰富产业化经验的专业人士。 
2021-02-26,Nyobolt,先进制造,A轮,1000万美元,"IQ Capital（领投）, Cambridge Enterprise",32500,先进制造、新能源、新能源,Nyobolt是一家英国高功率电池技术开发商，利用铌基负极材料开发了专有工艺，以制造可提供高功率的电池，快速充电和高能量。,暂未收录该公司团队信息 请告诉我们，让我们做得更好 
2021-02-26,锂威能源,先进制造,战略投资,124万人民币,欣旺达,620,先进制造、新能源、新能源,锂威能源是一家聚合物锂离子电芯及材料研发商，集聚合物锂离子电芯及材料的研发、制造、销售于一体。,暂未收录该公司团队信息 请告诉我们，让我们做得更好 
2021-02-25,蜂巢能源,先进制造,A轮,35亿人民币,"中银投资（领投）, 国投招商（领投）, 金融街投资集团, 先进制造产业投资基金, IDG资本, 凯辉基金, 海通开元, 德载厚资本, 长城控股, 常州创投, 浙大九智, 湖州铃轩",1750000,先进制造、新能源、电池,蜂巢能源前身是长城汽车动力电池事业部，是一家电动电池研发生产商，专注于锂离子动力电池及其正极材料、储能电池等方面的开发和销售，为用户提供新能源汽车充电桩、电池利用回收等产品解决方案。,唐海锋 董事长 唐海锋，蜂巢能源创始人、董事长。现任长城汽车股份有限公司副总裁兼任蜂巢易创科技有限公司董事长、蜂巢能源科技有限公司董事长、未势能源科技有限公司董事长，拥有20余年汽车及核心零部件开发与管理经验，在研发、项目管理及企业运营等方面均有自己独特的管理风格。 杨红新 总经理 杨红新，蜂巢能源总裁、总经理。2003年加入长城汽车，历任长城汽车技术中心副主任、长城汽车动力电池事业部总经理等职，全面负责新能源三电系统开发，EV、PHEV整车开发。 
2021-02-18,喀什安德光电,先进制造,天使轮,400万人民币,山东章鼓,2000,先进制造、新能源、电池,喀什安德光电致力于新型半固态、固态电解质膜的开发和应用，目前已经完成半固态、固态电解质膜前期验证性开发，并对使用新型电解质膜的锂电池进行了测试。,王卫斌 总经理 王卫斌，喀什安德光电创始人、总经理。 
2021-02-09,长虹能源,先进制造,IPO上市,未透露,,50000,先进制造、新能源、电池,长虹能源是一家电池研发商，产品包括碱性电池、锂电池、碳性电池、纽扣电池、充电电池、插排产品、能源产品等，广泛应用于工业、商业、军工、民用、出口等领域，同时公司为用户提供相关服务与技术支持等。,莫文伟 董事长 莫文伟，四川长虹新能源科技股份有限公司董事长。 
2021-02-09,NexWafe,先进制造,B轮,1000万欧元,"Saudi Aramco Energy Ventures, Bantina Invest Limited, Lynwood Schweiz AG, GAP Technology Holding, Fraunhofer",39000,先进制造、新能源、新能源,NexWafe是一家单晶硅晶圆制造商，为太阳能电池生产商提供高质量的晶圆。,暂未收录该公司团队信息 请告诉我们，让我们做得更好 
2021-02-05,春藤物联,先进制造,战略投资,未透露,德朗能,50000,先进制造、新能源、新能源,春藤物联由动力电池Pack、电池管理系统（BMS）、换电系统研发制造，锂电池数据分析处理，低功耗物联网智慧 社区应用等领域行业精英组建而成，致力于为社区用户提供一个集充电、换电、电池入户预警、社区智慧消防应用等为一体的运营平台---MOSS智慧社区平台。,暂未收录该公司团队信息 请告诉我们，让我们做得更好 
2021-02-03,华人运通,汽车交通,战略投资,数亿人民币,中保投资,150000,汽车交通、汽车制造、汽车交通,华人运通是一家新能源汽车及核心零部件研发商，主要从事新能源汽车及核心零部件系统研发、销售，新能源和智能及自动驾驶汽车相关领域技术的研究开发等。,丁磊 董事 丁磊，乐视汽车联合创始人。曾担任上汽集团副总裁、上海通用汽车总经理、上海市浦东新区副区长。大学毕业后就加入了上汽集团，1995年参与上海通用成立筹备工作，2002年参与了上汽收购罗孚资产的工作。2004年起，出任上汽集团自主品牌项目组商务副总，2005年1月成为上海通用汽车总经理。曾任乐视超级汽车联合创始人。 
2021-02-01,Social Energy,先进制造,战略投资,数百万美元,CarVal Investors,9750,先进制造、新能源、新能源,Social Energy是一家英国住宅能源整合商，专门为居民用户提供低成本的能源。该公司出售太阳能和金霸王家用电池系统，然后使用基于人工智能的计量系统“ Social Energy Hub”汇总其输出。,暂未收录该公司团队信息 请告诉我们，让我们做得更好 
2021-01-29,玉汉尧,先进制造,战略投资,未透露,华夏幸福,50000,先进制造、新能源、新能源,玉汉尧是一家力电池及高端3C电子用锂电正极材料研发商，是以新材料改性技术为特色的车用动力电池及高端3C电子用锂电正极材料研发、生产、销售为主的绿色循环高科技公司，主要产品为改性三元正极材料和改性复合导电浆料，应用于锂离子电池的生产。,暂未收录该公司团队信息 请告诉我们，让我们做得更好 
2021-01-28,合肥昱驰,先进制造,天使轮,1000万人民币,合肥高新大唐产业基金,5000,先进制造、智能装备、新材料,合肥昱驰是一家中国磁悬浮分子泵及真空高端装备商，磁悬浮复合分子泵是集成电路、平板显示、新能源、新材料、航空航天等领域的核心设备，长期由国外公司垄断。合肥昱驰将航天领域磁悬浮技术在工业产品上实现转化应用，目前正处于产业化发展阶段。,暂未收录该公司团队信息 请告诉我们，让我们做得更好 
2021-01-28,KeraCel,先进制造,A轮,1400万美元,Musashi Seimitsu Industry Co.， Ltd.,45500,先进制造、新能源、新能源,KeraCel是美国一家美国固态电池生产商，致力于为汽车及摩托车市场开发安全高能电池，其电池中使用的固体材料是陶瓷。,暂未收录该公司团队信息 请告诉我们，让我们做得更好 
2021-01-27,华友钴业,先进制造,IPO上市后,18亿人民币,"亿纬锂能, 西藏亿纬控股",900000,先进制造、新材料、新材料,华友钴业是一家锂电新能源材料研发制造商，专注于锂电新能源材料制造、钴新材料深加工以及钴、铜有色金属采、选、冶，主要产品为锂电正极材料前驱体、钴的化学品以及铜镍金属。,陈雪华 董事长 陈雪华，浙江华友钴业股份有限公司董事长 
2021-01-27,零跑科技,汽车交通,B轮,43亿人民币,"国投创益, 涌铧投资, 合肥市政府, 浙大九智",2200000,汽车交通、汽车制造、汽车交通,零跑科技是一家电动汽车研发生产商，致力于研发环保、安全、科技的新能源汽车，公司业务范围涵盖三电系统开发、电动汽车整车研发、生产与销售，并提供基于云计算的车联网解决方案。,朱江明 董事长 朱江明，浙江零跑科技有限公司董事长，毕业于浙江大学信息与电子工程学系，本科学历；工程师。2008年1月至2010年5月任杭州摩托罗拉科技有限公司业务运营总监、总经理。2001年3月创立了大华股份，现任浙江大华技术股份有限公司常务副总裁；2011年2月至今任蓝联科技董事长；零跑科技董事长。曾荣获杭州市2003-2004年度先进科技工作者称号；2006年被浙江省安全技术防范行业协会聘任为“浙江省安全技术防范行业专家”。 
2021-01-26,锦艺新材料,先进制造,战略投资,未透露,哈勃投资(华为旗下),50000,先进制造、新材料、新材料,锦艺新材料致力于提供高端无机非金属粉体新材料应用解决方案，是一家集研发、生产、销售、技术服务为一体的国家级高新技术企业。公司聚焦客户关注的压力和挑战，挖掘无机非金属材料的潜能，通过独有的核心技术和核心优势，融合各种有机材料，提供优异功能和低成本分体解决方案，大力拓展在新能源、新材料、环保节能等快速发展领域的应用。,暂未收录该公司团队信息 请告诉我们，让我们做得更好 
2021-01-25,泰吉诺,先进制造,A+轮,未透露,毅达资本,10000,先进制造、新材料、新材料,泰吉诺旨在提供芯片层级用电子材料整体解决方案，专注于研发、制造、销售高端导热界面材料（TIM1、TIM1.5&TIM2）、导热吸波复合材料，为客户提供一体化解决方案，解决电子行业产品“热点”及“痛点”问题，产品包含导热垫片、导热绝缘片、导热单/双组份凝胶、导热脂、导热相变化材料、液态金属材料、导热吸波复合材料，产品广泛应用于电信、数据通讯、手机、计算机、通用电子装置、网络设备、航空航天、国防、汽车电子以及医疗设备等领域。,暂未收录该公司团队信息 请告诉我们，让我们做得更好 
2021-01-22,京浜光电,先进制造,Pre-IPO,未透露,三行资本（领投）,0,先进制造、新材料、新材料,京浜光电是一家真空镀膜光学制品制造商，从事光学产品开发、设计到制作精密光学滤光片及反射镜等制品。主要制品有智能手机用红外截止滤光片、数码单反相机用滤光片、复印机/投影仪/扫描仪用光学反射镜片和滤光片、太阳能用高反射镜片、光盘用滤光片、激光用光学镜片；以及智能手机触摸屏、液晶ITO导电膜镜片等。,暂未收录该公司团队信息 请告诉我们，让我们做得更好 
2021-01-21,蓝谷智慧能源,先进制造,A+轮,3亿人民币,"宁德时代, 北汽产投, SK新能源",180000,先进制造、新能源、大公司新产品,蓝谷智慧能源成立于2016年，是北汽蓝谷旗下唯一从事换电及动力电池梯次利用业务的国家级高新技术企业。业务覆盖智能换电站的研发制造与建设运营和动力蓄电池梯次利用的溯源生产与租售运营。其中换电业务主要为出租车、网约车用户提供高效服务；动力蓄电池梯次利用业务主要为各大赛事及应急充电场景提供保电服务，以及为全国各地外卖、快递市场提供电池包租售服务。,暂未收录该公司团队信息 请告诉我们，让我们做得更好 
2021-01-19,南网能源,传统制造,IPO上市,10.6亿人民币,,530300,传统制造、环保、环保,南网能源是一家综合型能源业务服务提供商，公司主营“3+N”业务，即“节能服务、新能源、分布式能源与能源综合利用”3大业务，以及“售电、电动汽车、碳交易、互联网+能源服务”等N个新型业务，具备全国3项节能服务的5A级最高评级。,秦华 董事长 秦华，南度度董事长。 
2021-01-18,Adani Green Energy,先进制造,IPO上市后,数千万美元,total,97500,先进制造、新能源、新能源,Adani Green Energy是一家印度可再生能源开发商，公司开发和运营维护公用事业及太阳能和风电场项目。,暂未收录该公司团队信息 请告诉我们，让我们做得更好 
2021-01-18,天能股份,先进制造,IPO上市,48.7亿人民币,,7780600,先进制造、新能源、新能源,天能股份是一家新能源电池提供商，致力于电动车全产业链服务。公司旗下拥有小电驴商城和小电驴快修两大核心业务，提供基于移动互联网的电动车行业服务方案，并依托以客户为核心的O2O服务平台，通过线上线下互融共生的运营模式，为电动车和配件厂商提供多门店管理、会员管理、品牌推广、精准营销等运营解决方案。,张天任 董事长 张天任，小电驴快修董事长。 
2021-01-18,天仁微纳,先进制造,战略投资,数千万人民币,聚源资本-中芯聚源,15000,先进制造、新材料、新材料,天仁微纳是世界领先的微纳加工设备和解决方案提供商。我们专注于纳米加工领域，尤其是纳米压印技术。公司的核心竞争力是为客户提供纳米压印整体解决方案。产品与服务涵盖纳米压印相关的设备、模具、材料、工艺以及生产咨询服务。我们致力于拓展纳米压印技术在创新产品领域的应用，例如发光二极管(LEDs)、微纳机电系统(MEMs/NEMs)、虚拟现实和增强现实光波导(AR Waveguides)、3D传感、生物芯片、显示以及太阳能等。,冀然 创始人 冀然，天仁微纳创始人、董事长。冀然2000年从北京科技大学本科毕业后，选择奔赴德国亚琛工业大学留学深造。他师从欧洲纳米压印之父Kurz教授，研究纳米压印设备与材料，自此与该行业结下不解之缘。2004年硕士毕业后，冀然来到德国哈雷马普微结构物理研究所攻读博士，并在毕业后加入丹麦纳米压印模版制造商。2008年，世界半导体设备领头羊公司德国慕尼黑苏斯公司向冀然发出邀请函，担任纳米压印技术首席专家，主要负责纳米压印设备开发与市场推广。2015年冀然回国创业。 
2021-01-16,芯石半导体,先进制造,战略投资,1.68亿人民币,英唐智控,42000,先进制造、集成电路、新能源,芯石半导体是一家半导体功率器件研发商，主营产品：全系列肖特基二极管（SBD）、快恢复二极管（FRED）、场效应晶体管（MOSFET）碳化硅肖特基二极管 (SiC SBD)、绝缘栅双极型晶体管(IGBT)等器件及芯片。产品广泛应用于照明、通讯、计算机、家电、新能源汽车及充电装置、新能源发电及其它高功率电源等领域。,暂未收录该公司团队信息 请告诉我们，让我们做得更好 
2021-01-15,中利集团,先进制造,IPO上市后,1.87亿人民币,沙家浜,93500,先进制造、通信制造、电商零售,中利集团是一家光伏产品与光电缆研发商，产品经营范围已扩大至通信电缆、船用电缆、矿用电缆、铁路及轨道交通用电缆、电力电缆、新能源电缆、光缆、太阳能电池片及其组件、太阳能光伏发电站投资建设及运营、电子信息产品系列等多区域市场。,王柏兴 董事长 王柏兴先生，1956年10月10日出生，中国国籍，无境外居留权。大专学历，高级经济师，中共党员。现任中利科技集团股份有限公司董事长、中利腾晖光伏科技有限公司董事长、常熟市中联光电新材料有限责任公司董事长、常州船用电缆有限责任公司董事、深圳市中利科技有限公司董事长、青海中利光纤技术有限公司董事长、常熟利星光电科技有限公司董事长、江苏长飞中利光纤光缆有限公司董事长、中利科技集团（辽宁）有限公司执行董事、江苏中利电子信息科技有限公司董事长、宁夏中利科技有限公司执行董事、江苏中鼎房地产开发有限责任公司董事长兼总经理、上海网能电力发展有限公司董事长、苏南互联网证券服务有限公司董事长、中利万农技术有限公司董事长、上海康速金属材料有限公司董事。 
2021-01-12,沃特节能,企业服务,Pre-IPO,3.5亿人民币,,175000,企业服务、行业信息化及解决方案、解决方案,沃特节能是一家主要从事节能节电产品研发、生产、销售和技术服务的企业，通过EMC(合同能源管理) 模式为火电、水泥、钢铁、铝业、化工等高能耗企业提供节电解决方案。 公司在节能领域采用EMC模式。,李勋 董事长 郑州沃特节能科技股份有限公司董事长 
2021-01-12,Prolectric Services,先进制造,战略投资,275万英镑,Shawbrook Bank,12100,先进制造、新能源、新能源,Prolectric Services是一家英国离网可再生能源解决方案供应商，为英国一些基础设施，铁路和建筑项目提供太阳能照明，电源和安全解决方案。Prolectric为稳固的客户群（包括Skanska，Balfour Beatty和Costain Kier等一级公司）提供监视和控制门户。,暂未收录该公司团队信息 请告诉我们，让我们做得更好 
2021-01-11,升华新材,先进制造,战略投资,2.72亿人民币,"富临精工, 宁德时代, 晨道投资",136000,先进制造、新能源、新材料,升华新材是一家锂电池正极材料研发商，集研发、生产、销售于一体，面向新能源汽车领域提供动力电池正极材料。,暂未收录该公司团队信息 请告诉我们，让我们做得更好 
2021-01-08,Amp Solar Group,先进制造,战略投资,3.74亿美元,Carlyle Group,1215500,先进制造、新能源、新能源,Amp Solar Group是一个加拿大全球能源过渡平台，是全球可再生能源基础设施开发商和所有者。公司在全球范围内开发了超过1.8吉瓦的分布式和公用事业规模的可再生能源发电项目，混合发电与存储项目以及独立电池存储项目。其专有的数字能源平台Amp X还提供了包括智能变压器在内的多种可互操作解决方案组合，这些解决方案可实现实时自治管理以及对电网中所有形式的分布式发电和负荷的优化调度。,暂未收录该公司团队信息 请告诉我们，让我们做得更好 
2021-01-06,Byton拜腾汽车,汽车交通,战略投资,未透露,富士康,50000,汽车交通、汽车制造、电动车,Byton拜腾汽车是一家智能电动汽车研发商，其产品中型豪华电动SUV，低配版会有四座版本，后排座空间比传统车延展了20厘米，车内每个人都配有类似iPhone大小的触屏屏幕。并且具有自动驾驶功能。,戴雷 首席执行官 戴雷（Daniel Kirchert），Future Mobility Corporation创始人及COO，前东风英菲尼迪总经理、华晨宝马高级副总裁。 毕福康(已离职) 原董事长 毕福康博士是世界著名的电动汽车专家，同时他也是行业难得的不仅在国际品牌任职过，也创立过电动车品牌的全球精英。 
2021-01-06,基本半导体,先进制造,B轮,数亿人民币,"闻泰科技（领投）, 深投控, 亦庄国投, 力合科创（力合创投）, 民和资本, 四海新材料",150000,先进制造、集成电路、新材料,基本半导体是中国第三代半导体行业领军企业，专业从事碳化硅功率器件的研发与产业化，基本半导体掌握国际领先的碳化硅核心技术，研发覆盖碳化硅功率器件的材料制备、芯片设计、制造工艺、封装测试、驱动应用等产业全链条，先后推出全电流电压等级碳化硅肖特基二极管、通过工业级可靠性测试的1200V碳化硅MOSFET、车规级全碳化硅功率模块等系列产品，性能达到国际先进水平，应用于新能源、电动汽车、智能电网、轨道交通、工业控制、国防军工等领域。,和巍巍 创始人  和巍巍，基本半导体创始人、总经理。和巍巍博士是国内电力电子行业知名专家，中国半导体行业协会理事，国家科技部、深圳市科创委专家评委，深圳市海外高层次人才。和巍巍博士本科毕业于清华大学电机工程系，获得剑桥大学工程系电子电子专业博士学位。他在电力电子器件、驱动及应用方面造诣深厚，是目前国内少数同时掌握碳化硅领域核心技术并具有丰富产业化经验的专业人士。 
2021-01-04,知能科技,先进制造,天使轮,数百万人民币,清华控股,3000,先进制造、新能源、新能源,知能科技是一家智慧风场科技公司，致力于将先进人工智能技术落地于风力发电领域，利用遥感卫星、地面气象站、激光测风雷达及风机运行状态等多维度数据的融合感知，结合深度学习算法，打造更懂风的智慧风场运维系统，解决目前风电行业内测风和预测功率准确率较低，发电稳定性不高，投资成本较大等问题，提高新能源的电网友好性，降低新能源投资成本，助力达成碳中和。,"刘得锐 CEO 刘得锐，南京知能科技创始人、CEO。本科毕业于多伦多大学工程科学-机器人工程专业。清华大学交叉信息研究院2018级硕士生。熟悉传统控制算法及基于人工智能的优化算法。负责公司的市场规划，业务经营及研发合作。 高杰 CTO 高杰，知能科技联合创始人、CTO。清华大学交叉信息研究院2017级计算机科学实验班""姚班""学生。毕业后将全职负责公司人工智能技术开发。 王鉴浩 创始人/技术顾问 王鉴浩，知能科技联合创始人/技术顾问。清华大学2015级计算机科学实验班""姚班""毕业生。清华大学交叉信息研究院在读博士生。主要研究方向为强化学习和多智能体强化学习，并在AAAI，ICLR等国际顶级学术会议发表论文并入选spotlight。 张崇洁 创始人/首席科学家 张崇洁，知能科技联合创始人/首席科学家。清华大学交叉信息研究院助理教授。加入清华之前在MIT的计算科学与人工智能实验室CSAIL任博士后。2017年加入清华交叉信息研究院建立机器智能实验室，其小组在Neurips，ICML，ICLR等国际顶级学术会议发表多篇论文。研究领域包括：人工智能，深度强化学习，多智能体系统，智能控制等。 展开全部 "
2020-12-31,中科富海,先进制造,B轮,未透露,"深创投, 中金佳成, 华融天泽-华融证券, 中金资本, 中关村新动能",15000,先进制造、新材料、解决方案,中科富海是一家低温装备制造企业。该公司致力推进我国深低温制冷技术的产业应用，以发展低温工程与制冷技术为基础，重点开发大型低温系统关键技术与产品，并为客户提供相关的解决方案。,朱诚 CEO 朱诚，为北京中科富海低温科技有限公司的CEO 
2020-12-31,阿穆尔天然气,先进制造,战略投资,300亿美元,"俄罗斯天然气工业股份公司（领投）, Gazprom Pererabotka Blagoveshchensk, Intesa Sanpaolo S.p.A, Sberbank, Crédit Agricole Corporate and Investment Bank",97500000,先进制造、新能源、新能源,阿穆尔天然气是一家位于俄罗斯的天然气加工厂商。2015年动工，设计产能为420亿立方米/每年。其原料是来自“西伯利亚力量”管道输送的天然气。加工厂包括六条天然气净化生产线，第一组两条生产线预计在2021年第二季度投产，2025年工厂将全面建成投产。阿穆尔天然气加工厂总承包商是西布尔集团旗下子公司Nipigaz。阿穆尔天然气化工厂项目投资额在9500亿卢布左右。,暂未收录该公司团队信息 请告诉我们，让我们做得更好 
2020-12-31,Fluence,先进制造,战略投资,1.25亿美元,Qatar Investment Authority,650000,先进制造、新能源、新能源,Fluence是一家储能系统集成商和电力管理技术开发商，Fluence已经为众多客户部署了大约5千兆瓦的储能和管理系统。正在部署的电池技术能够与其他所需的技术相结合，从而为工业和社会提供所需的电力。,暂未收录该公司团队信息 请告诉我们，让我们做得更好 
2020-12-29,森木磊石,先进制造,天使轮,600万人民币,英诺天使基金,3000,先进制造、新能源、新能源,森木磊石是一家特种电源研发商，致力于特种电源、电力电子、电力物联网技术，集创新、研发、制造、销售为一体。在硬件系统上，森木磊石凭借超过10年的技术积累研发出了PPEC。在软件系统上，森木磊石研发了图形化编译平台。,暂未收录该公司团队信息 请告诉我们，让我们做得更好 
2020-12-28,裕能新能源,先进制造,战略投资,8.98亿人民币,"宁德时代, 比亚迪, 靖西新能源",449000,先进制造、新能源、新材料,裕能新能源是一家磷酸铁锂研发生产商，公司自成立以来，建立以研发、生产相结合的自主创新机制，致力于磷酸铁锂和三元材料的研发和技术改良。,暂未收录该公司团队信息 请告诉我们，让我们做得更好 
2020-12-25,常友科技,传统制造,战略投资,未透露,中国风投,50000,传统制造、环保、环保,常友科技是一家集风电复合材料、轨道交通、机电电器制造、新能源汽车、无人机、芯材等领域研发、设计、生产、销售和服务为一体的现代化高科技企业。主要产品涵盖风电领域、轨道交通领域、新材料领域等。,暂未收录该公司团队信息 请告诉我们，让我们做得更好 
2020-12-25,中储国能,先进制造,天使轮,1.6亿人民币,"中科创星（领投）, 株洲高科（领投）",80000,先进制造、新能源、新能源,中储国能是一家新能源服务提供商，中储国能专注于压缩空气储能技术，技术源自中国科学院工程热物理研究所，是通过科技成果作价入股的方式创办的产业化公司。,暂未收录该公司团队信息 请告诉我们，让我们做得更好 
2020-12-24,国鸿氢能,先进制造,战略投资,未透露,"中银粤财, 诚信创投, 粤财创投, 华亦投资, 中车绿脉基金",50000,先进制造、新材料、电池,国鸿氢能是一家燃料电池生产商，公司主要产品包括氢燃料电池商用车、纯氢燃料备用电源、氢燃料电池电堆、燃料电池发动机等，产品广泛应用于各种车型、无人机、汽车交通、分布式电站等领域。,暂未收录该公司团队信息 请告诉我们，让我们做得更好 
2020-12-24,百佳年代,先进制造,战略投资,数亿人民币,中国石化,150000,先进制造、新材料、新材料,百佳年代是一家塑料薄膜研发及生产制造商，公司拥有覆盖EVA胶膜、POE胶膜等的多项专利技术，产品包括：B601HP&B601P系列抗PID胶膜、B601HS&B601S系列超级抗PID胶膜、B601W系列白色胶膜、B602H&B602系列POE胶膜等。公司致力于站在新能源行业的风口，致力于把公司打造成领先的太阳能光伏EVA胶膜生产企业。,暂未收录该公司团队信息 请告诉我们，让我们做得更好 
2020-12-24,华润热电,先进制造,战略投资,2.66亿人民币,华润置地,133000,先进制造、新能源、新能源,华润热电是一家电热厂运营商，主要从事电力及热力生产销售、能源勘探、能源储备咨询业务以及相关服务。,暂未收录该公司团队信息 请告诉我们，让我们做得更好 
2020-12-22,Reactive Technologies,先进制造,战略投资,未透露,埃森哲Accenture,325000,先进制造、新能源、新能源,Reactive Technologies是一家英国电力及电网技术提供商，致力于帮助公用事业公司加速向低碳能源过渡，是一家创新型英国和芬兰的清洁技术公司，旨在通过面向传输系统运营商（TSO）和配电网络运营商的专利数据测量和分析平台，加速向低碳未来的过渡（DNO）解决能源行业的最大挑战。Reactive的服务使TSO，DNO和能源市场参与者能够有效运营，同时在全球各地的电力系统中部署，使用和交易更多可再生能源，从而降低了风险和成本。,暂未收录该公司团队信息 请告诉我们，让我们做得更好 
2020-12-21,艾郎风电,传统制造,战略投资,未透露,"力鼎资本, 基石资本, 尚颀资本, 辰韬资本, 东方富海, 北控光伏",50000,传统制造、机械设备、新能源,艾郎风电是一家风力发电叶片生产商，专注于海上和陆地MW级风电叶片的研发、生产、销售，拥有从1.5MW至6MW各个系列不同风区的MW级风电叶片产品。,暂未收录该公司团队信息 请告诉我们，让我们做得更好 
2020-12-16,Sunlight,先进制造,战略投资,4990万欧元,,194610,先进制造、新能源、新能源,Sunlight是一家希腊电池设计师和制造商。,暂未收录该公司团队信息 请告诉我们，让我们做得更好 
2020-12-15,中航锂电,先进制造,战略投资,数十亿人民币,"国联通宝资本, 红杉资本中国, 基石资本, 小米长江产业基金, 中保投资, 厦门创投, 广汽集团, 晨壹并购基金, 华现汽车, 锂航实业",3000000,先进制造、新能源、新能源,中航锂电是专业从事锂离子动力电池、电池管理系统、储能电池及相关集成产品和锂电池材料的研制、生产、销售和市场应用开发的高科技企业，致力于为全球客户提供完整的产品解决方案和完善的全生命周期服务。致力于动力电池关键技术的研发与应用，打造具有全球影响力的锂电科技创新平台。目前公司规划产能200GWh+，全力打造全球领先的动力电池制造商和全球优秀汽车公司战略供应商。,暂未收录该公司团队信息 请告诉我们，让我们做得更好 
2020-12-15,华逸发展,先进制造,战略投资,6426万人民币,ST坊展,32130,先进制造、新能源、新能源,华逸发展是一家清洁能源整体解决方案提供商，公司以清洁化供热为主业，专注为用户提供专业化清洁能源整体解决方案的清洁能源应用服务商，公司业务涵盖咨询、设计、工程建设以及运营维护全流程服务。,暂未收录该公司团队信息 请告诉我们，让我们做得更好 
2020-12-15,丰疆智能,智能硬件,A轮,数亿人民币,腾讯投资（领投）,150000,智能硬件、机器人、机器人,丰疆智能是一家智慧农业与物流机器人研发商，结合大数据、物联网、深度学习、无人驾驶、机器视觉等技术，可提供智能地面机器人、码头无人物流、农业机器人、智能高速插秧机、农机物联网平台等产品与解决方案。,卢锋 董事长 卢锋，丰疆智能科技股份有限公司董事长，东风资产管理有限公司总经理。 吴迪 CEO 吴迪，丰疆智能创始人之一、兼任CEO，负责研发国产智能农用机器人。2003年，吴迪到瑞典留学读博。拿到学位后，他进入爱立信进行手机芯片的研发。后来的他，曾加入创业公司担任研发副总裁，回国后也曾在展讯通信担任系统总监，后来还在苏州大学电子信息学院负责微电子学科的教研工作。2015年，吴迪加入大疆担任首席科学家，继续从事一线的芯片研发工作。 
2020-12-07,联动天翼,先进制造,战略投资,未透露,"峰瑞资本, 小橡创投, 星纳赫资本, 汉能投资, KTB投资集团",50000,先进制造、新能源、汽车交通,北京联动天翼科技股份有限公司是一家全球领先的新能源电池系统服务商和解决方案提供商，致力于成为新能源领域的行业领先者。公司以新能源动力电池系统及储能产品为业务核心，现已拥有锂电产品全套技术专利，其中发明专利、实用新型专利、软件著作权等资质证书达百余项。公司产品及解决方案广泛应用于通讯、金融、航空航天、电力电子、汽车动力等行业。,阎紫电 创始人 阎紫电，北京联动天翼科技创始人、董事长。 
2020-12-07,云车桩,先进制造,Pre-A轮,3000万人民币,青岛芯云,15000,先进制造、新能源、新能源,云车桩专注于新能源产业发展及“车-桩-网”平台应用推广。整合了来自充电桩、电力、电池、整车、出行、保险、金 融、出行、旅游等行业合作伙伴，形成了新能源生态圈，共同打造新能源产业链互联网服务平台，大力推动社会新能源产业绿色发展。,暂未收录该公司团队信息 请告诉我们，让我们做得更好 
2020-12-03,睿动新能源,先进制造,天使轮,未透露,"清控银杏创投, 奥易克斯",500,先进制造、新能源、新能源,睿动新能源是定位新能源和节能汽车动力系统开发与生产的高科技企业。主要产品包括系列化电驱动单元（应用在混合动力和纯电、氢燃料电池车型），汽车电子电控产品（域控制器、整车控制器和电池管理系统）。两大产品线涵盖了未来汽车市场50%以上的需求。预计到2025年可以形成50-100亿的销售收入。睿动系列化产品中，多学科融合、机械电子液压控制方案的融合的系统设计是形成产品力的重要条件。,梁伟 创始人 梁伟，国家特聘专家，兵装集团特聘专家，前长安汽车总工程师。梁伟博士是国内知名的新能源动力系统技术专家，先后受聘于兵装集团、北汽集团，提供战略咨询服务。同时，他是IEEE，美国SAE和ASME特约审稿人，第十届中美科学技术大会美方特约专家。梁伟博士曾经在美国工作和学习15年的时间，在美国福特汽车研发中心参与了福特全部三种混合动力汽车动力系统技术的论证和研发，是福特动力分流式混合动力量产车型和第一款并联（P2）式混合动力车型的核心成员，发明了60余项专利技术。2014年梁伟博士回国加入长安汽车，作为新能源总工程师带领团队开发完成了两款插电混动和三款纯电车型平台，填补了国内该类型技术的空白。 
2020-12-02,Span.IO,先进制造,A轮,1000万美元,"ArcTern Ventures（领投）, CapricornInvestmentGroup, Incite Ventures, Incite.org, HCVC",32500,先进制造、新能源、新能源,Span.IO是一家可再生能源服务商，开发产品以支持快速采用可再生能源并为家庭提供直观的界面。,暂未收录该公司团队信息 请告诉我们，让我们做得更好 
2020-12-01,中环应用,先进制造,战略投资,6.19亿人民币,中环股份,309500,先进制造、新能源、新能源,中环应用是一家太阳能硅片生产商，致力于半导体节能产业和新能源产业，主要从事高效太阳能电池用超薄硅单晶金刚线切片的研发、生产、销售和服务，投产后单晶硅片年产能将达到10GW。,暂未收录该公司团队信息 请告诉我们，让我们做得更好 
2020-12-01,Aurora Solar,先进制造,B轮,5000万美元,"Iconiq Capital（领投）, Fifth Wall, Pear Ventures, Energize Ventures",162500,先进制造、新能源、新能源,Aurora Solar是一家美国能源SaaS服务提供商，致力于开发工具以帮助太阳能专业人士远程设计和销售太阳能。Aurora Solar使太阳能安装人员能够准确地进行远程太阳能遮阳分析，设计太阳能和储能系统，预测能源产量，计算账单节省，生成带有融资选择的销售建议等。,暂未收录该公司团队信息 请告诉我们，让我们做得更好 
2020-11-30,德龙激光,先进制造,战略投资,1.5亿人民币,"沃衍资本, 中微公司, 中电基金, 舜宇V基金",75000,先进制造、智能装备、电子元器件,德龙激光是一家高端装备制造企业。致力于研发、生产和销售各类高端工业应用激光设备，尤其是基于紫外激光和超短脉冲激光技术的设备，公司产品已被广泛应用于半导体、显示、精密电子、高校科研和新能源等精密加工领域。,Yuxing Zhao 董事长兼总经理 Yuxing Zhao，为苏州德龙激光股份有限公司创始人 
2020-11-26,宝通玻璃钢,传统制造,C轮,2.85亿人民币,振石控股,142500,传统制造、轻工制造、新材料,宝通玻璃钢是一家专注于高性能高强度纤维复合材料BWFRP系列管道及配件研发、生产、销售为一体的国家高新技术企业。致力于为全球的市政工程、民航机场、城市电网、港口码头、轨道交通、新能源等行业领域提供技术优良、品质卓越的管道产品和服务。,暂未收录该公司团队信息 请告诉我们，让我们做得更好 
2020-11-23,博清科技,智能硬件,A轮,近亿人民币,"毅达资本, 金沙江联合资本",50000,智能硬件、机器人、机器人,博清科技是一家爬行焊接机器人研发商，旗下产品包括无轨导全位置爬行焊接机器人、平面自主移动焊接机器人等，具有自主识别焊缝、弯曲焊缝等功能，主要应用于油气化工、造船业、核电、水电、新能源等领域。,冯消冰 创始人 冯消冰，北京博清科技有限公司董事长 
2020-11-23,Tibber,先进制造,B轮,6500万美元,"Balderton Capital（领投）, Eight Roads Ventures（领投）, Founders Fund, Nordea",211250,先进制造、新能源、工业4.0,Tibber是一家数字电力供应商，Tibber用智能技术取代了传统的公用事业，以透明的价格向客户提供可再生能源。此外，其应用还能提供能源使用情况的实时分析，并与各种智能家居设备配对，以减少家中的电力消耗。,暂未收录该公司团队信息 请告诉我们，让我们做得更好 
2020-11-18,骥翀氢能,先进制造,Pre-A轮,未透露,"水木易德投资（领投）, 江诣创投, 中金汇融, 悦丰金创",10000,先进制造、新能源、新能源,骥翀氢能是一家氢燃料电池电堆解决方案供应商，主要业务涵盖定制化开发、生产制造与销售、电堆相关技术服务等，即电堆实物和技术服务两大类。目前，已完成第一代全国产化金属板电堆马和170系列产品的开发，预计2019年底开始对外销售；同时也已完成第二代金属板电堆马和290产品的方案设计。,付宇 董事长 付宇，骥翀氢能董事长。 
2020-11-13,Sunman,先进制造,B轮,1200万美元,"软银中国, Southern Cross Venture Partners, CEFC",39000,先进制造、新能源、新能源,Sunman是一家太阳能光伏发电组件研发生产商，通过对复合材料的研究和开发，开发了无玻璃，轻巧而灵活的面板—— eArc，并将其商业化，eArc完全取代了玻璃，将太阳能带入了以前无法实现的市场和应用场景。,暂未收录该公司团队信息 请告诉我们，让我们做得更好 
2020-11-11,华峰铝业,先进制造,IPO上市后,未透露,华隆路宝,50000,先进制造、新材料、新材料,华峰铝业是一家铝热传输材料生产商，主要为用户提供热传输领域内各系列、各牌号，以及各种规格状态的铝合金板带箔材料等产品，广泛应用于汽车、工程机械、电站、家用商用空调热交换系统，以及用于制作新能源汽车动力电池外壳。,暂未收录该公司团队信息 请告诉我们，让我们做得更好 
2020-11-11,Yotta Energy,先进制造,种子轮,500万美元,"Skyview Ventures, EDP Ventures, Fiftysix Investments",16250,先进制造、新能源、新能源,Yotta Energy是一家美国模块化储能设备开发商，Yotta Energy提供了一种获得专利的电池热管理系统，该系统可实现太阳能加储能的分散式格式，是屋顶商业和工业应用的理想选择。Yotta的面板级储能解决方案可以轻松地安装在任何太阳能模块中，并与太阳能机架阵列完美集成。即插即用设计简化并标准化了储能与太阳能项目的集成，从而无需笨重，难以安装的外壳和复杂的HVAC系统。此外，该公司的被动式热管理技术使其电池能够承受极端天气并延长其使用寿命。,暂未收录该公司团队信息 请告诉我们，让我们做得更好 
2020-11-09,Novum,先进制造,战略投资,100万美元,"Hettich Beteiligungen, Gründerfonds",3250,先进制造、新能源、新能源,Novum是一家德国电池监控技术研发商，Novum开发了专利技术，该技术使离线进行大规模电池存储监控成为可能。该公司使用自己的测量和评估程序，可用于测试电动汽车电池是否适合固定电池存储以及大规模存储优化。,暂未收录该公司团队信息 请告诉我们，让我们做得更好 
2020-11-06,Charge+Zone,汽车交通,A轮,300万美元,"Venture Catalysts（领投）, Mumbai Angels, Keiretsu Forum, Ramakrishnan",9750,汽车交通、汽车综合服务、电动车,Charge+Zone是一家印度电动车能源解决方案提供商。,暂未收录该公司团队信息 请告诉我们，让我们做得更好 
2020-11-06,丰疆智能,智能硬件,战略投资,未透露,"腾讯投资, 深创投",50000,智能硬件、机器人、机器人,丰疆智能是一家智慧农业与物流机器人研发商，结合大数据、物联网、深度学习、无人驾驶、机器视觉等技术，可提供智能地面机器人、码头无人物流、农业机器人、智能高速插秧机、农机物联网平台等产品与解决方案。,卢锋 董事长 卢锋，丰疆智能科技股份有限公司董事长，东风资产管理有限公司总经理。 吴迪 CEO 吴迪，丰疆智能创始人之一、兼任CEO，负责研发国产智能农用机器人。2003年，吴迪到瑞典留学读博。拿到学位后，他进入爱立信进行手机芯片的研发。后来的他，曾加入创业公司担任研发副总裁，回国后也曾在展讯通信担任系统总监，后来还在苏州大学电子信息学院负责微电子学科的教研工作。2015年，吴迪加入大疆担任首席科学家，继续从事一线的芯片研发工作。 
2020-11-05,LAVLE,先进制造,战略投资,未透露,Ocean Zero,325000,先进制造、新能源、新能源,Lavle是一家美国电池技术及储能系统开发供应商，致力于克服传统锂离子存储技术的局限，为可再生能源，海洋，铁路运输，航空，国防和其他市场提供卓越的电池技术和储能系统（ESS）。产品用于海洋，铁路，可再生能源，国防和其他重要的温室气体净发电市场。公司的技术正在推动全世界的船舶，机械和基础设施的电气化和混合动力。,暂未收录该公司团队信息 请告诉我们，让我们做得更好 
2020-11-05,Voltus,先进制造,B轮,2500万美元,"Prelude Ventures, NGP Energy Technology Partners, Ajax Strategies",81250,先进制造、新能源、新能源,Voltus是一个美国分布式能源资源（DER）平台，为商业和工业客户提供了分布式能源资源（DER）平台，该平台连接了每个市场中从能源存储到需求响应再到分布式发电的各种类型的DER。,暂未收录该公司团队信息 请告诉我们，让我们做得更好 
2020-11-05,海科新源,传统制造,战略投资,未透露,辰韬资本,50000,传统制造、化工产业、新能源,海科新源是一家锂离子电池电解液溶剂生产商，主要产品有新能源汽车行业电解液溶剂(电子级DMC、EMC、DEC、EC、PC)、医药级和食品级丙二醇、食品级异丙醇、工业级碳酸二甲酯、 丙二醇、异丙醇、二异丙醚等，产品主要应用于锂离子电池电解液、汽车、医药、食品、化妆品等领域，产品远销欧美、日韩、东南亚等国家和地区。,暂未收录该公司团队信息 请告诉我们，让我们做得更好 
2020-11-04,Skeleton,先进制造,D轮,4130万欧元,"FirstFloor Capital, MM Grupp, Harju Elekter Group, InnoEnergy",161070,先进制造、新能源、新能源,Skeleton是一家爱沙尼亚超级电容器制造商，该款超级电池无需普通电池的冷却系统，从而避免尺寸过大，可以大大降低成本，并延长该系统的使用寿命。该款超级电池本质上可以充当充放电高峰期时的缓冲器。,暂未收录该公司团队信息 请告诉我们，让我们做得更好 
2020-11-04,点滴能源,企业服务,Pre-A轮,数千万人民币,蓝驰创投（领投）,15000,企业服务、行业信息化及解决方案、供应链,点滴能源是一家专注于为物流行业提供综合能源服务的产业互联网公司，在国家提出“双碳”目标的背景下，致力于整合上下游资源和引入数字化技术，打造清洁低碳、安全高效的智慧能源网络，助力物流业能源转型升级，构建低碳发展新生态。 点滴能源以科技赋能物流业，提供包括智慧能源供应链服务、能源新零售网络运营、能源数字化系统开发及碳排放数据监测管理等综合解决方案，通过引入物联网、大数据、云计算等技术，帮助物流企业完成能源管理数字化转型，实现全链路的互联化和智能化，有效提升物流业能源效率与运营效率。,"钱挺 CEO 钱挺，点滴能源创始人、CEO。同济大学电子信息工程系本科、格拉斯哥大学通信工程硕士、中欧国际工商学院EMBA。在能源领域深耕多年。 黄颖 联合创始人 黄颖，点滴能源联合创始人。曾担任阿里巴巴(UC)研发主管，拉能源创始人，连续创业者。

 "
2020-11-02,天能重工,先进制造,IPO上市后,未透露,珠海港,50000,先进制造、军工制造、新能源,天能重工是一家风机塔架及相关产品生产商，公司的产品主要包括陆上风电塔架、海上风电塔架两大类，并提供设备零部件的定制制造、风力发电场建设、设备安装等服务;同时公司还涉及光伏发电站、生物质能源电站建设、运营等业务。,郑旭 董事长兼总经理 郑旭，青岛天能重工股份有限公司董事长兼总经理 
2020-10-26,倍奇能源,传统制造,天使轮,1500万人民币,遨问投资,7500,传统制造、环保、环保,倍奇能源是致力于湿垃圾就地处理到再生能源利用解决方案的新能源公司，结合法国干式厌氧发酵技术和大数据远程控制软件，为客户提供从设备到运营的专业化、系统化全程解决方案及实施。倍奇拥有中外多名精耕于湿垃圾就地处理解决方案的行业专家，并提供专业的运营和售后服务。,暂未收录该公司团队信息 请告诉我们，让我们做得更好 
2020-10-16,Gofun出行,汽车交通,B轮,数亿人民币,"国开金融-国开开元, 奇瑞汽车",150000,汽车交通、交通出行、租车,GoFun出行是首汽集团针对移动出行推出的一款共享汽车产品，依托首汽集团的行业经验和优势资源，致力于整合用户碎片化的用车需求，提供便捷、绿色、快速、经济的出行服务。 GoFun出行是共享行业新兴的一种租车模式，车辆无人值守，用车全程App操作，提供汽车的即取即用、分时租赁服务，消费者可按个人用车需求预订车辆。,陈卫力 运营副总裁 陈卫力，嗒嗒洗车 商务负责人。曾就职于联合汽车 UAA，神州租车、易道用车的市场和运营部门的管理职位，近十年的汽车服务行业从业经验，深度了解用户需求，成熟的汽车后服务市场人脉体系，涵盖中石油、保险、救援、租赁、维修美容等各个环节的一流供货商。善于市场合作及管理。有丰富的业务管理经验，善于发现并把握机会，有大局观，极强的商务沟通能力，应急事件处理能力。 
2020-10-13,马盛环境,传统制造,A轮,未透露,"毅达资本, 动平衡资本, 无锡国联创投",10000,传统制造、环保、环保,马盛环境是一家从事城市湿垃圾无害化资源化处置、农业有机废弃物资源化处置、城镇和农业循环经济建设、废水处理、污泥厌氧处置、环境微生物菌剂生产、生物质能源开发、黑臭河道治理及土壤修复等工作的高新技术企业。,暂未收录该公司团队信息 请告诉我们，让我们做得更好 
2020-10-12,深度视觉,先进制造,Pre-A轮,5000万人民币,"祥峰投资Vertex（领投）, 高通Qualcomm Ventures",25000,先进制造、工业4.0、工业4.0,杭州深度视觉是一家工业检测领域解决方案提供商，利用分布式运算、人工智能、大数据等技术，面向传统汽车零部件、航空零部件、新能源、纺织、3C等领域用户，提供高精度外观检测的解决方案，帮助用户解决工业检测问题。,王帅林 创始人 王帅林，深度视觉创始人。 
2020-10-12,志奋领科技,先进制造,A轮,数千万人民币,明照资本（领投）,15000,先进制造、传感设备、机器人,志奋领科技是一家全球领先的精密和智能传感器解决方案及产品设计制造商，国家级高新技术企业。专注于光电和电感技术，同时擅长电容，磁，超声波，压电以无线传输技术，聚焦3c，新能源，轨道交通，医疗，物流和服务机器人等领域提供工业传感器产品和解决方案。产品涵盖高精度位置检测，精密测量，监测和诊断，安全与识别等。,唐可信 CEO 唐可信，深圳市志奋领科技有限公司CEO 
2020-09-29,大鱼视觉,先进制造,天使轮,未透露,"东方富海, 众合瑞民, 德同资本",500,先进制造、工业4.0、新能源,大鱼视觉技术（河南）有限公司是一家工业自动测试设备与系统解决方案提供商。主要测试产品用于液晶LCD与柔性OLED及AMOLED中小型平板、集成电路、汽车电子、太阳能面板等行业的生产厂家。,暂未收录该公司团队信息 请告诉我们，让我们做得更好 
2020-09-28,昆宇新能源,先进制造,战略投资,未透露,"兴旺投资, 前海母基金",50000,先进制造、新能源、新能源,昆宇新能源是一家通信储能锂电池生产商，专业从事锂离子电池研发、生产和销售的高新技术企业。掌握通讯用锂电池和电动车用锂电池核心技术，拥有自主知识产权，具有强大的研发、制造、质量保证和售后服务能力。,暂未收录该公司团队信息 请告诉我们，让我们做得更好 
2020-09-27,尚太科技,先进制造,战略投资,未透露,中金佳成,50000,先进制造、新材料、电池,尚太科技专注于新材料的研究开发和生产经营，拥有锂离子电池负极材料高温石墨化生产线与合成金刚石用碳源石墨材料生产线，可为客户提供合成金刚石用碳源石墨粉产品以及锂离子电池负极材料的高温石墨化加工。,欧阳永跃 董事长 欧阳永跃，石家庄尚太科技有限公司董事长 
2020-09-21,兴储世纪,先进制造,B轮,未透露,番禺产投,15000,先进制造、新能源、新能源,兴储世纪是一家新能源智能微电网解决方案提供商，致力于为海内外客户提供智能微电网解决方案，包括风光水储充多能互补与协同的技术研发与产品生产、销售与贸易、工程设计与实施、能源管理与优化。,侯为贵 董事长 侯为贵，是中兴能源有限公司的董事长。 
2020-09-21,易马达e换电,汽车交通,C轮,数亿人民币,"Idinvest Partners, PKSHA SPARX Algorithm Fund, 拥湾资产管理, 绿动资本—中美绿色基金, 南网资本, 57Stars, 未来资产",300000,汽车交通、车主工具及服务、环保,e换电是一家两轮电动车智能换电企业，致力于为两轮电动车用户开启“3秒换电”时代，已于18个城市落地超过1200个智能换电柜，每天提供超过10万次的换电服务，赋能用户骑行里程已累计超过1.2亿公里，同时减少了超过400万公斤铅的使用及环境污染风险。深圳易马达科技有限公司旗下产品。,黄嘉曦 CEO 黄嘉曦Danial Huang，深圳易马达科技创始人、CEO。美籍华人，也是连续创业者，曾创办Mophie移动电源品牌并在全美拿下80%的市场份额。 
2020-09-18,中核新能源,先进制造,战略投资,未透露,中核投资,50000,先进制造、新能源、新材料,中核新能源是一家新能源产品开发商，致力于中国环境和资源保护及新能源开发事业，以承揽环境保护项目和新能源项目的投资运营为主要业务。目前主要业务包括：城市环保水务投资及运营业务、核电配套水处理业务、新能源新材料领域的投资业务等。,暂未收录该公司团队信息 请告诉我们，让我们做得更好 
2020-09-17,Neo Lithium,先进制造,战略投资,4400万人民币,宁德时代,22000,先进制造、新能源、新能源,Neo Lithium是加拿大一家高容量储能解决方案提供商，专注于为用户提供锂电池产品，集研发、生产、销售于一体，生产的锂电池应用于电动汽车、电动自行车、储能产品和便携式电子产品。,暂未收录该公司团队信息 请告诉我们，让我们做得更好 
2020-09-16,恒翼能科技,先进制造,战略投资,数亿人民币,"方正和生投资, 四海投资, 升华资本, 瑞枫投资",150000,先进制造、新能源、电池,恒翼能科技是一家新能源锂电池设备研发商，集研发、制造、销售及服务于一体，产品包括电池化成分容设备、BMS检测设备、电池后处理自动化系统及PACK自动化系统等，并为用户提供定制化解决方案。,暂未收录该公司团队信息 请告诉我们，让我们做得更好 
2020-09-15,悠阔电气,先进制造,A轮,未透露,动平衡资本,10000,先进制造、智能装备、智能电网,悠阔电气是一家电力智能设备提供商，致力于厂站智能二次设备、新能源智能设备、一次设备智能化系统以及运维智能化系统的技术研究和应用。产品包括工业网络通讯设备、智能化变电站故障录波及网络报文分析仪以及电能质量监测与治理等系列产品。,张浩 执行董事 张浩，南京悠阔电气科技有限公司执行董事 
2020-09-15,锦艺新材料,先进制造,A轮,未透露,"百瑞信托, 远致投资, 国投创业",10000,先进制造、新材料、新材料,锦艺新材料致力于提供高端无机非金属粉体新材料应用解决方案，是一家集研发、生产、销售、技术服务为一体的国家级高新技术企业。公司聚焦客户关注的压力和挑战，挖掘无机非金属材料的潜能，通过独有的核心技术和核心优势，融合各种有机材料，提供优异功能和低成本分体解决方案，大力拓展在新能源、新材料、环保节能等快速发展领域的应用。,暂未收录该公司团队信息 请告诉我们，让我们做得更好 
2020-09-08,Nclave,先进制造,战略投资,4272万欧元,天合光能,166608,先进制造、新能源、农业,Nclave是一家西班牙光伏跟踪支架研发商，集光伏跟踪支架的工程设计、生产制造、安装指导、现场项目管理与运营维护指导于一体，产品包括联动多排平单轴跟踪器、单排单轴跟踪支架产品等，业务覆盖全球五大洲二十多个国家。,暂未收录该公司团队信息 请告诉我们，让我们做得更好 
2020-09-07,德昇微电子,先进制造,种子轮,未透露,"华麓投资, TCL创投",500,先进制造、新能源、电池,"德昇微电子是一家锂电池管理芯片研发商，专注于锂电池管理芯片（BMIC）和电源管理芯片（PMIC），主要产品包括锂电池保护芯片、锂电池均衡芯片、锂电池充放电管理芯片、AC-DC电源管理芯片，市场覆盖智能手机、智能穿戴、智能音箱、移动电源、个人护理电器电动工具、无绳家电、电动交通工具等诸多领域。
",暂未收录该公司团队信息 请告诉我们，让我们做得更好 
2020-09-07,天天充电,先进制造,B轮,未透露,西安航天基地创新投资有限公司,60000,先进制造、新能源、工业4.0,天天充电是一家电动自行车充电桩运营商，主要研发的新型电动自行车充电设备，目标是实现城市电动自行车充电智能化、管理网络化、运营平台化。为小区免费提供电动自行车充电桩，通过用户消费产生利润。,乔健 CEO 乔健，陕西天天出行科技有限公司CEO 王硕楠 创始人 王硕楠，天天出行创始人。 
2020-09-01,兴兴新能源,传统制造,战略投资,7220万人民币,中国三江化工,36100,传统制造、化工产业、新能源,兴兴新能源是一家化工制剂生产销售商，主要从事制造及销售乙烯及丙烯，主要业务为于中国生产及供应环氧乙烷、乙二醇、聚丙烯、甲基叔丁基醚及表面活性剂。,暂未收录该公司团队信息 请告诉我们，让我们做得更好 
2020-08-31,雄韬股份,先进制造,IPO上市后,6.52亿人民币,"盈科资本, 浙商证券, 国泰君安, 国信证券, 北京能源集团, 中金公司, 财通基金, 华夏基金, 中国银河, 国联安基金",326000,先进制造、新能源、电池,雄韬股份是一家智慧储能解决方案服务企业，公司集电池研发、生产、销售、服务于一体，主要产品分为两类：阀控铅酸电池和锂离子电池。包括CP系列、FM系列、HP＆HF系列等，同时还为用户提供能源解决方案、电池解决方案等。,"张华农 董事长 张华农，深圳市雄韬电源科技股份有限公司董事长、武汉雄韬氢雄燃料电池科技有限公司董事长。本科学历，1984年9月至1991年9月任国营武汉第七五二厂技术处主管工程师；1991年10月至1994年10月任深圳市律普敦蓄电池有限公司总工程师。
 "
2020-08-28,中信博新能源,先进制造,IPO上市,14.3亿人民币,,1014300,先进制造、新能源、新能源,中信博是一家太阳能跟踪器及支架制造商，主要面向公共事业、商业、工业和住宅项目等领域，专注于全自动双备份跟踪器、斜单轴跟踪系统、晶硅双轴跟踪系统、固定支架等产品的研发、制造和销售。,暂未收录该公司团队信息 请告诉我们，让我们做得更好 
2020-08-27,中平瀚博,先进制造,战略投资,2247万人民币,易成新能,11235,先进制造、新材料、电池,中平瀚博是一家锂离子电池用负极材料与异形件生产经营商，拥有自主知识产权的高性能负极材料生产工艺和不同于传统细结构石墨的生产技术，负极材料产品性能在国内负极材料领域处于领先水平。,暂未收录该公司团队信息 请告诉我们，让我们做得更好 
2020-08-27,Raptor Maps,先进制造,A轮,500万美元,"Blue Bear Capital（领投）, Massachusetts Technology Development Corporat, Y Combinator, Powerhouse Ventures, Congruent Ventures, Data Point Capital（领投）, Buoyant Ventures（领投）",16250,先进制造、新能源、新能源,Raptor Maps是一家美国太阳能管理软件开发商，软件通过遥感对太阳能资产进行数字化和监控，Raptor Maps提供了一个太阳能生命周期管理软件平台，用于整个行业的太阳能项目融资，开发和资产管理。迄今为止，Raptor Maps已在35个国家/地区管理了超过25GW的项目融资和资产管理。,暂未收录该公司团队信息 请告诉我们，让我们做得更好 
2020-08-27,点滴能源,企业服务,天使轮,1500万人民币,合鲸资本（领投）,7500,企业服务、行业信息化及解决方案、供应链,点滴能源是一家专注于为物流行业提供综合能源服务的产业互联网公司，在国家提出“双碳”目标的背景下，致力于整合上下游资源和引入数字化技术，打造清洁低碳、安全高效的智慧能源网络，助力物流业能源转型升级，构建低碳发展新生态。 点滴能源以科技赋能物流业，提供包括智慧能源供应链服务、能源新零售网络运营、能源数字化系统开发及碳排放数据监测管理等综合解决方案，通过引入物联网、大数据、云计算等技术，帮助物流企业完成能源管理数字化转型，实现全链路的互联化和智能化，有效提升物流业能源效率与运营效率。,"钱挺 CEO 钱挺，点滴能源创始人、CEO。同济大学电子信息工程系本科、格拉斯哥大学通信工程硕士、中欧国际工商学院EMBA。在能源领域深耕多年。 黄颖 联合创始人 黄颖，点滴能源联合创始人。曾担任阿里巴巴(UC)研发主管，拉能源创始人，连续创业者。

 "
2020-08-19,华光新材,先进制造,IPO上市,3.69亿人民币,,404800,先进制造、新材料、新材料,华光新材是一家专注于研发、制造、销售钎焊材料的国家高新技术企业，致力于提供焊接整体解决方案，主要产品是铜基钎料、银钎料等高性能钎焊材料，具备条、丝、环、带（箔）、片、药芯、药皮、焊膏等数千个品规的设计与生产能力，形成了“多品种、多品规”的产品体系。产品应用于制冷产业链、家电、电子元器件、电真空器件、电机、新能源装备、硬质合金刀具、采暖、卫浴、眼镜、轨道交通、汽车、航空航天等多产业或领域。,金李梅 CEO 金李梅，华光新材CEO。 
2020-08-19,重塑股份,先进制造,B轮,数亿人民币,"德载厚资本, 北京博康资本",150000,先进制造、新能源、电池,Re-Fire重塑科技是一家氢燃料电池技术公司，主营业务包括为客户提供燃料电池系统产品及燃料电池汽车动力系统工程服务。,林琦 董事长 林琦，重塑科技董事长兼CEO。 
2020-08-13,东超科技,先进制造,A轮,5850万人民币,"合肥高投, 新沃资本, 弘博资本, 合肥赢初资产管理合伙企业, 安徽省量子基金, 安徽省高新投",29250,先进制造、军工制造、新材料,东超科技是一家可交互空气成像技术研发商，致力于空气成像技术的研发与生产，其主要研发成果为非等效负折射率材料，整合中科院安徽光机所和中科院西安光机所两大精密光学研究所对空气成像进行联合研发和生产，可以用在军工安全，车载显示，医疗成像，智能家电，广告和展览展示等领域。,韩东成 创始人 韩东成，东超科技创始人，具有多年相关行业经验。 范超 创始人 范超，安徽省东超科技有限公司创始人 
2020-08-10,智租出行,先进制造,A+轮,6000万人民币,江苏地方政府产业基金,30000,先进制造、新能源、物联网,智租出行是一家新能源领域的创新型物联网科技公司。业务范围包括末端配送智能车辆租售服务、智能充换电柜、新能源智能锂电池、IOT云管理平台服务、线上大数据服务、线下维养服务、金融保险综合解决方案服务等。,暂未收录该公司团队信息 请告诉我们，让我们做得更好 
2020-08-10,亿华通,先进制造,IPO上市,13.5亿人民币,,1829200,先进制造、新能源、新能源,亿华通是一家从事新能源交通技术研发及产业化的高新技术企业，公司一直专注于燃料电池动力系统为核心的新能源汽车核心技术研究，形成了基于国外电堆的HD燃料电池动力系统产品、基于国产电堆的G系列燃料电池动力系统产品。,张国强 董事长 张国强，亿华通董事长。2012年6月毕业于清华大学公共管理专业，2013年9月至今，就读于中国科学研究院管理科学与工程专业。2003年8月至2005年4月，就职于北汽福田汽车股份有限公司，任总经理秘书；2005年5月至2012年6月，就职于北京清能华通科技发展有限公司，历任部门经理、副总经理；2014年10月至2015年7月，任北京亿华通科技有限公司董事长兼总经理。现任清佰华通执行董事、北京亿华通科技有限公司执行董事、水木华通董事长、上海神融新能源董事长。 
2020-08-04,忱芯科技,先进制造,天使轮,数千万人民币,原子创投,15000,先进制造、集成电路、新能源,忱芯科技是一家碳化硅功率半导体模块及应用解决方案提供商，主要为终端客户提供包括碳化硅功率半导体模块、驱动电路和碳化硅电力电子系统应用服务在内完整的“模块+”定制化应用解决方案，产品主要应用于航空、新能源发电、高端医疗以及石油开采等领域。,暂未收录该公司团队信息 请告诉我们，让我们做得更好 
2020-08-03,5B,先进制造,A轮,1200万其他,AES,6000,先进制造、新能源、新能源,5B是一家澳大利亚清洁技术开发商，提供了创新的模块化“即插即用”太阳能发电解决方案，旨在改善利用太阳能的发电系统，致力于使太阳能项目的成本更低、进展速度更快，并且希望使能源的利用过程更加智能。,暂未收录该公司团队信息 请告诉我们，让我们做得更好 
2020-07-29,源清动力,本地生活,A轮,未透露,无锡金投,10000,本地生活、维修服务、本地生活,源清动力主要从事工程设计、失效分析、部件寿命管理、供应链开发与管理、关键部件制造与修复、部件试验平台建设等业务。源清动力将为燃气轮机用户提供燃气轮机维护维修、性能提升、故障诊断等一站式服务，为中国清洁能源建设贡献力量。,暂未收录该公司团队信息 请告诉我们，让我们做得更好 
2020-07-27,同享科技,先进制造,IPO上市,未透露,,50000,先进制造、新能源、新能源,同享科技是一家一直专注于发展太阳能光伏组件用涂锡铜带及电子配套产品的研究开发并提供相关服务的企业，并可以根据客户要求研制各种专业用特殊焊接带、铜带、镍带、铝带等。,陆利斌 总经理 陆利斌先生，董事长、总经理，1980年9月出生，中国国籍，无境外永久居留权，硕士学历，2016年4月股份公司成立至今担任公司总经理。 
2020-07-27,贝特瑞,先进制造,IPO上市,未透露,,50000,先进制造、新能源、电池,贝特瑞是一家锂离子二次电池用料生产商，主营业务为研发、生产与销售锂离子电池的制造材料，产品包括锂离子电池负极材料、正极材料、天然鳞片石墨等，并为用户提供石墨制品加工服务。,贺雪琴 董事长 贺雪琴，为深圳市贝特瑞新能源材料股份有限公司创始人 
2020-07-27,慧能泰,先进制造,A轮,数千万人民币,"厦门半导体, 正轩投资, 深圳高新投, 猎鹰创投",15000,先进制造、集成电路、新能源,慧能泰是一家混合信号芯片开发商，专注于高性能模拟和混合集成电路开发的定义、开发和商业化推广，主营以为分为USB接口与电池管理系统和智能化数字控制能源转换系统两大类，旗下产品可应用于新能源管理、智能化LED调光控制等领域。,暂未收录该公司团队信息 请告诉我们，让我们做得更好 
2020-07-27,润诚达,先进制造,A+轮,数千万人民币,吉云新基建基金（领投）,15000,先进制造、新能源、工业4.0,润诚达是集研发、生产、销售、运营于一体的新能源充电解决方案和SaaS服务提供商，为商业、住宅等公共空间以及充电站等场景提供“充电+储能+SaaS”的全栈式解决方案。,暂未收录该公司团队信息 请告诉我们，让我们做得更好 
2020-07-18,宁德时代,先进制造,IPO上市后,197亿人民币,"高瓴投资（领投）, 本田汽车, JPMorgan摩根大通, 国泰君安, UBS瑞银, 太平洋保险, 北信瑞丰基金",9850000,先进制造、新能源、硬件解决方案,宁德时代新能源科技（CATL）是一家先进电池、能源存储解决方案服务商，致力于研发生产电动汽车及储能系统的锂离子电池、电动汽车电池模组、电动汽车电池系统等。,曾毓群 董事长 曾毓群，宁德时代新能源科技创始人、董事长。亚洲固态离子协会理事，中科院物理所清洁能源中心学术委员，华南锂电论坛专家委员，福建省政协委员。2005年作为科技专才被香港引进，成为中国锂电重大贡献者之一（与王传福、杨裕生院士一同获得），建国六十年东莞六十位人物，2009年东莞十大经济人物。 
2020-07-13,Iberdrola,先进制造,F轮,8亿欧元,"European Investment Bank, Fond-ICO Global",3120000,先进制造、新能源、新能源,Iberdrola是一家西班牙主要能源提供商，Iberdrola已经开始使用区块链追踪可再生能源。,暂未收录该公司团队信息 请告诉我们，让我们做得更好 
2020-07-10,东微半导体,先进制造,战略投资,数千万人民币,哈勃投资(华为旗下),15000,先进制造、集成电路、新能源,东微半导体是一家技术驱动型的半导体技术公司，在作为半导体核心技术的器件领域有深厚的技术积累，专注半导体器件技术创新，拥有多项半导体器件核心专利。 2013年下半年，东微半导体原创的半浮栅器件的技术论文在美国《科学》期刊上发表，标志着首次国内科学家在半导体核心技术方向获得的重大突破。新闻联播、人民日报等媒体均进行了头条重点报道，引起了国内外业界的高度关注。2016年东微自主研发的新能源汽车直流大功率充电桩用核心芯片成功量产，打破国外厂商垄断。目前，东微半导体已成为国内高性能功率半导体领域的领头羊，在新能源领域替代进口半导体产品迈出了坚实一步，产品进入多个国际一线客户，受到客户一致好评。,暂未收录该公司团队信息 请告诉我们，让我们做得更好 
2020-07-08,恩力动力,先进制造,天使轮,未透露,"中科创星, 长江汇英, 鸣志投资",500,先进制造、新能源、电池,上海恩力动力技术有限公司是恩力能源科技有限公司的关联企业，专注于下一代高性能动力电池（全固态电池）研发、产业化及销售的初创企业。,暂未收录该公司团队信息 请告诉我们，让我们做得更好 
2020-07-07,中科富海,先进制造,A+轮,未透露,"点亮资本, 富汇创投",10000,先进制造、新材料、解决方案,中科富海是一家低温装备制造企业。该公司致力推进我国深低温制冷技术的产业应用，以发展低温工程与制冷技术为基础，重点开发大型低温系统关键技术与产品，并为客户提供相关的解决方案。,朱诚 CEO 朱诚，为北京中科富海低温科技有限公司的CEO 
2020-07-03,孚能科技,先进制造,战略投资,数亿人民币,Daimler戴姆勒,150000,先进制造、新能源、电池,孚能科技是一家新能源锂电池制造商，主要致力于新能源车用动力锂离子电池及系统的生产和研发，是拥有国际领先自主知识产权的高科技企业。作为全球第一批产业化三元锂电池制造公司，孚能科技制造出了全世界能量密度最高的新能源车用动力电池系统，其产品能量密度和循环寿命远超国内外竞争对手，在产品实用性上取得了压倒性优势。,王瑀 董事长 王瑀，孚能科技董事长，2002年在美国硅谷创办FARASIS公司，成立至今已在锰酸锂动力锂离子电池技术开发、产业化方面取得突破性进展，尤其是所开发并拥有自主知识产权的插入式混合动力汽车用锰酸锂电池体系，先后获得美国能源部、国防部、自然科学基金会等部门新能源技术开发奖励20多项、申请技术发明及创造专利30多项。2011年，入选国家“千人计划”。 
2020-06-23,华兴源创,生产制造,IPO上市后,7.28亿人民币,"李齐花, 陆国初",364000,传统制造、轻工制造、显示屏幕,华兴源创是一家工业自动测试设备与整线系统解决方案的提供商。主要测试产品用于LCD、柔性OLED、半导体、新能源汽车电子等行业的生产厂家，以及为行业提供定制化的数据融合软件平台。目前专注于工业智能制造，主要产品应用于LCD与OLED平板显示、集成电路、汽车电子等行业，主要客户包括苹果、三星、LG、夏普、京东方、JDI等。,陈文源 创始人 陈文源，华兴源创创始人、董事长。无境外永久居留权，1968年11月出生，1989 年至1992年任苏州精达集团有限公司 技术员，1999年至 2002年任爱斯佩克环境仪器（上海）有限公司业务经理， 2003年至 2005年任泰科检测设备（苏州）有限公司副总经理。陈文源2005年和妻子一起创立华兴源创，至今任公司总经理，2018年5月至今任公司董事长。陈文源还兼任华兴检测董事、苏州 源客和苏州源奋的执行事务合伙人。 
2020-06-19,Zero Mass Water,先进制造,C轮,5000万美元,"BlackRock贝莱德/黑岩（领投）, Breakthrough Energy Ventures, Material Impact Fund, Duke Energy",162500,先进制造、新能源、新能源,Zero Mass Water是一家太阳能设备开发及制造商，旨在从大气中提取饮用水，从而使饮用水成为可再生资源。通过结合热力学、材料科学和控制技术，提供了一种太阳能面板，并把它称之为“Source Hydropane”。这种面板在干燥的条件下，可以利用阳光和空气，生产饮用水。,暂未收录该公司团队信息 请告诉我们，让我们做得更好 
2020-06-18,福能股份,生产制造,IPO上市后,15.31亿人民币,福能集团,765500,传统制造、轻工制造、新能源,"福能股份是一家以电力及纺织为主的综合型企业，旗下拥有福建省鸿山热电有限责任公司、福建晋江天然气发电有限公司及福建省福能新能源有限责任公司，已形成热电联产、天然气发电、风电等多元化发电组合；公司还拥有福建南纺有限责任公司，专注于生产并PU革基布、针织布等纺织产品。
",暂未收录该公司团队信息 请告诉我们，让我们做得更好 
2020-06-17,明讯新材,先进制造,战略投资,数亿人民币,"长石资本（领投）, 毅达资本, 复星集团, 同创伟业",150000,先进制造、新材料、新材料,明讯新材是一家专注于电子产品配套、新能源、环保节能等产业领域的光学薄膜材料、屏蔽散热材料、减震防水材料、表面保护膜材料、电子胶粘带材料、离型膜产品材料的研发、生产、销售等业务的高新技术企业。,暂未收录该公司团队信息 请告诉我们，让我们做得更好 
2020-06-17,Quantumscape,先进制造,战略投资,2亿美元,Volkswagen,650000,先进制造、新能源、电池,Quantumscape是美国一家汽车固态电池研发商，致力于新能源汽车领域的固态电池产品的研发、生产、制造。目前公司拥有超过200多项关于固态电池的技术专利，并将研发可量产的固态电池。,暂未收录该公司团队信息 请告诉我们，让我们做得更好 
2020-06-12,思欣通科技,先进制造,A轮,未透露,武岳峰资本,10000,先进制造、新能源、新能源,思欣通科技是一家氢能源及试验装备研发商，核心业务是针对广泛存在于自然界的富甲烷类气体(沼气、天然气、煤层气、页岩气、可燃冰等)资源，通过等离子化学链重整技术生产城市和居民生活可利用的氢能源。同时，为炼油化工、煤化工、精细化工领域的科研院所提供催化剂研制与评价、工艺技术开发所需试验装备的研发、设计与制造。,暂未收录该公司团队信息 请告诉我们，让我们做得更好 
2020-06-10,泰吉诺,先进制造,A轮,未透露,"广发乾和, 川流投资, 擎石投资",10000,先进制造、新材料、新材料,泰吉诺旨在提供芯片层级用电子材料整体解决方案，专注于研发、制造、销售高端导热界面材料（TIM1、TIM1.5&TIM2）、导热吸波复合材料，为客户提供一体化解决方案，解决电子行业产品“热点”及“痛点”问题，产品包含导热垫片、导热绝缘片、导热单/双组份凝胶、导热脂、导热相变化材料、液态金属材料、导热吸波复合材料，产品广泛应用于电信、数据通讯、手机、计算机、通用电子装置、网络设备、航空航天、国防、汽车电子以及医疗设备等领域。,暂未收录该公司团队信息 请告诉我们，让我们做得更好 
2020-06-10,克能新能源,先进制造,A轮,数亿人民币,"中金汇融（领投）, 超威集团",150000,先进制造、新能源、新能源,克能新能源是一家轻型动力锂电池厂商，核心产品是新型锰酸锂离子软包电池。该公司称，其产品拥有高安全性、高性能、低成本、动力强、长寿命的特点，在满电状态下可通过国内外通用安全测试标准“钢针针刺试验”，主要面向轻型电动车市场。,暂未收录该公司团队信息 请告诉我们，让我们做得更好 
2020-06-09,旭升股份,传统制造,IPO上市后,10.48亿人民币,"广发基金, 银河投资(银河资本), 中信证券, 百年人寿, 广发证券, 中信建投资本, 兴证资本, 安信乾宏-安信证券, 大正投资集团, 红塔证券, 华夏基金, 九泰基金, 诺德基金, 宁泉资产, 湾区产融投资, 玲珑金山, 国联安基金, 福聚投资",524000,传统制造、轻工制造、汽车配件,旭升股份是一家精密铝合金汽车零部件制造商，专注于从事I业铝合金零部件的研发与设计，旗下主要产品包括新能源汽车变速系统、传动系统、电池系统等核心系统的精密机械加工零部件。,徐旭东 董事长 徐旭东，宁波旭升汽车技术股份有限公司董事长 
2020-06-08,蜂巢能源,先进制造,战略投资,10亿人民币,国投招商,820000,先进制造、新能源、电池,蜂巢能源前身是长城汽车动力电池事业部，是一家电动电池研发生产商，专注于锂离子动力电池及其正极材料、储能电池等方面的开发和销售，为用户提供新能源汽车充电桩、电池利用回收等产品解决方案。,唐海锋 董事长 唐海锋，蜂巢能源创始人、董事长。现任长城汽车股份有限公司副总裁兼任蜂巢易创科技有限公司董事长、蜂巢能源科技有限公司董事长、未势能源科技有限公司董事长，拥有20余年汽车及核心零部件开发与管理经验，在研发、项目管理及企业运营等方面均有自己独特的管理风格。 杨红新 总经理 杨红新，蜂巢能源总裁、总经理。2003年加入长城汽车，历任长城汽车技术中心副主任、长城汽车动力电池事业部总经理等职，全面负责新能源三电系统开发，EV、PHEV整车开发。 
2020-06-03,晶瑞化学,生产制造,IPO上市后,3亿人民币,"东方证券(东方星晖), 国泰君安, 大正投资集团, 财通基金, 大岩资本, 华泰保险, 西藏瑞华资本, 东海基金",150000,传统制造、化工产业、新材料,晶瑞化学是一家微电子化学品及其它精细化工品生产商，公司的产品主要包括超净高纯试剂、光刻胶、功能性材料以及锂电池粘结剂等，可应用于半导体、光伏太阳能电池、LED等相关行业，具体应用到下游电子信息产品的清洗、光刻、制备等工艺环节。,吴天舒 董事长 吴天舒，苏州晶瑞化学股份有限公司董事长 
2020-06-01,博锐尚格,先进制造,战略投资,1亿人民币,"宽带资本CBC, 优山资本",50000,先进制造、新能源、物业管理,北京博锐尚格是一家专注能源高新技术企业，致力于节能与设施管理系统解决方案开发、实施及运营。博锐尚格利用互联网技术改变物业管理等传统行业，致力于为客户提供智慧能源与设备设施管理全生命周期解决方案。,江江 CEO 北京博锐尚格节能技术股份有限公司董事长 
2020-05-28,华正新材,先进制造,IPO上市后,6.5亿人民币,"东海证券, 中信建投资本, 中信证券, 中意资产, 鹏华基金, 华泰保险, 九泰基金, 大成基金, 华立集团",325000,先进制造、新材料、硬件解决方案,华正新材是一家高端电子基础材料及特种复合材料制造商，主要产品有覆铜板、散热材料、热塑性蜂窝材料、玻璃纤维增强拉挤型材等，主要应用于电工电气、仪器仪表、消费类电子等领域。,暂未收录该公司团队信息 请告诉我们，让我们做得更好 
2020-05-21,唐锋能源,先进制造,战略投资,未透露,"深创投, 北汽产投, 海通创新资本, 海通新能源基金",50000,先进制造、新能源、电池,上海唐锋能源科技有限公司是一家从事燃料电池膜电极研发、生产、测试和销售的专业化公司，目前专注于氢能源燃料电池膜电极开发，所开发和生产的低成本、高性能和长寿命燃料电池膜电极达到国际先进水平。,章俊良 董事长兼总经理 章俊良，唐锋能源创始人、董事长兼总经理。担任上海交通大学致远学院常务副院长、上海交通大学燃料电池研究所教授。1994年和1997年毕业于上海交大，分别获学士和硕士学位。2005年于美国纽约州立大学石溪分校获博士学位。2002年3月至2007年5月在美国Brookhaven国家实验室材料科学部和化学部从事博士和博士后研究。2007年5月加入美国通用汽车公司研发总部，电化学能源研究实验室，任研究科学家，2009年1月晋升为高级研究员。2011年9月全职加入上海交通大学。 
2020-05-18,新华联,传统制造,战略投资,未透露,中金公司,50000,传统制造、石油矿采、新能源,新华联集团是一家以地产、矿业及化工产业为主的综合性企业，其中地产领域包括住宅地产、商业地产和文化旅游地产；矿业领域包括镍、金、铜等金属矿产的开采、冶炼及贸易等；化工领域主要产品涉及环保制冷剂、氟硅材料、氯碱离子膜等，此外公司业务还涉及石油贸易、酒业、太阳能以及金融等领域。,暂未收录该公司团队信息 请告诉我们，让我们做得更好 
2020-05-06,航天民芯,先进制造,B轮,未透露,鼎祥资本,15000,先进制造、集成电路、电池,民芯科技是一家电源管理芯片产品及解决方案提供商，主要产品有新能源汽车动力电池管理系统、动力电池充电管理芯片、智能家居和物联网芯片、高集成度移动信息终端电源管理单元等，广泛应用于消费电子、电动汽车、航天航空领域。,王晓飞 CEO 王晓飞，西安航天民芯科技有限公司创始人。 
2020-05-06,丰疆智能,智能硬件,A轮,1亿人民币,大湾区共同家园发展基金,50000,智能硬件、机器人、机器人,丰疆智能是一家智慧农业与物流机器人研发商，结合大数据、物联网、深度学习、无人驾驶、机器视觉等技术，可提供智能地面机器人、码头无人物流、农业机器人、智能高速插秧机、农机物联网平台等产品与解决方案。,卢锋 董事长 卢锋，丰疆智能科技股份有限公司董事长，东风资产管理有限公司总经理。 吴迪 CEO 吴迪，丰疆智能创始人之一、兼任CEO，负责研发国产智能农用机器人。2003年，吴迪到瑞典留学读博。拿到学位后，他进入爱立信进行手机芯片的研发。后来的他，曾加入创业公司担任研发副总裁，回国后也曾在展讯通信担任系统总监，后来还在苏州大学电子信息学院负责微电子学科的教研工作。2015年，吴迪加入大疆担任首席科学家，继续从事一线的芯片研发工作。 
2020-04-29,尚太科技,先进制造,B轮,数亿人民币,"TCL创投, 华金资本(力合股份), 江北嘴基金",150000,先进制造、新材料、电池,尚太科技专注于新材料的研究开发和生产经营，拥有锂离子电池负极材料高温石墨化生产线与合成金刚石用碳源石墨材料生产线，可为客户提供合成金刚石用碳源石墨粉产品以及锂离子电池负极材料的高温石墨化加工。,欧阳永跃 董事长 欧阳永跃，石家庄尚太科技有限公司董事长 
2020-04-24,晶银新材,先进制造,战略投资,未透露,苏州固锝,50000,先进制造、新材料、新材料,晶银新材是一家电子浆料材料研发生产商，致力于光伏、LED、IC领域高等级电子浆料，主要从事导电性浆料的研发与生产，目前自主研发产品可双层印刷、适合高低方阻晶体硅太阳能电池正面电极用银浆、低成本型背面用银浆、薄膜太阳能电池用银浆，主要产品为太阳能电池正面银浆，并已完成太阳能电池背面电极银浆、异质结电池用银浆等产品的研发。,暂未收录该公司团队信息 请告诉我们，让我们做得更好 
2020-04-21,华友钴业,先进制造,IPO上市后,8亿人民币,"中金公司, 银河投资(银河资本), 国泰君安, 安信乾宏-安信证券, 兴业资管-兴业证券, JPMorgan摩根大通, 博时基金(博时资本), 大岩资本, 太平洋保险, 青岛城投金融, 业如金控",400000,先进制造、新材料、新材料,华友钴业是一家锂电新能源材料研发制造商，专注于锂电新能源材料制造、钴新材料深加工以及钴、铜有色金属采、选、冶，主要产品为锂电正极材料前驱体、钴的化学品以及铜镍金属。,陈雪华 董事长 陈雪华，浙江华友钴业股份有限公司董事长 
2020-04-20,润诚达,先进制造,A轮,千万级人民币,中孵创投,5000,先进制造、新能源、工业4.0,润诚达是集研发、生产、销售、运营于一体的新能源充电解决方案和SaaS服务提供商，为商业、住宅等公共空间以及充电站等场景提供“充电+储能+SaaS”的全栈式解决方案。,暂未收录该公司团队信息 请告诉我们，让我们做得更好 
2020-04-17,昆宇新能源,先进制造,天使轮,未透露,"人合资本, 易科汇资本, 铁发资本投资",500,先进制造、新能源、新能源,昆宇新能源是一家通信储能锂电池生产商，专业从事锂离子电池研发、生产和销售的高新技术企业。掌握通讯用锂电池和电动车用锂电池核心技术，拥有自主知识产权，具有强大的研发、制造、质量保证和售后服务能力。,暂未收录该公司团队信息 请告诉我们，让我们做得更好 
2020-04-15,Enovix,先进制造,战略投资,4500万美元,,146250,先进制造、新能源、新能源,Enovix是一家3D硅锂离子电池研发商，采用专利3D电芯结构，结合100%活性硅阳极，以提高能量密度和循环寿命。而且，Enovix利用专有激光图案化和高速堆叠工具，取代标准锂离子电池生产过程中的电极缠绕工艺，从而将生产线产能提高30%。,暂未收录该公司团队信息 请告诉我们，让我们做得更好 
2020-04-09,辉能科技,先进制造,D轮,近亿美元,"中银投资, 一汽产业基金",325000,先进制造、集成电路、可穿戴设备,辉能科技是一家电源产品研发商， 在2013年实现了固态锂电池的商业化量产，早期应用于消费电子领域，近年来应用于新能源汽车领域。公司的产品包括柔型锂电池、超薄锂电池、异形锂电池等，可应用于通信、交通等领域，同时公司的业务还包括为便携式电子通讯设备、电动交通工具、柔性可穿戴设备提供定制化的电源产品解决方案。,刘强 董事长 刘强，董事长，天津市“千人计划”专家，先后在美国佐治亚大学、克利夫兰州立大学和亚利桑那州立大学从事柔性及微型电池研究。 
2020-04-07,小哈换电,先进制造,战略投资,2亿人民币,中恒电气,100000,先进制造、新能源、新能源,小哈换电是两轮电动车换电行业全国首家获《电动自行车充换电柜技术规范》中国质量认证中心CQC标准认证企业，作为两轮换电网络运营服务商，为广大两轮电动车出行用户提供电池更换服务，包括B端也包括C端用户。其体系由智能锂电池、智能换电柜及后台一体化智能管理系统组成，可应用于日常生活通勤、城市商业物流、大学校园出行、旅游景区交通等多个场景。,杨磊 CEO 杨磊，哈罗单车创始人、车钥匙创始人、爱代驾CEO，连续创业者。历经3次创业，他主导的第一家公司，以亿计美金出售；第二家，他是联合创始人，该公司而今在业界依然红火；他所执掌的第3家公司是爱代驾；而后创业做车钥匙、哈罗单车。 
2020-04-03,日出东方阿康桑马克,先进制造,战略投资,2027万人民币,日出东方,10135,先进制造、新能源、新能源,日出东方阿康桑马克是一家综合太阳能解决方案提供商，旗下拥有‘‘太阳雨”、“四季沐歌”、 “帅康 等知名品牌，致力于为用户提供太阳能供暖服务等。,暂未收录该公司团队信息 请告诉我们，让我们做得更好 
2020-04-02,Addionics,先进制造,战略投资,600万美元,Next Gear Ventures（领投）,19500,先进制造、新能源、新能源,Addionics是一家以色列电池技术方案解决商，通过重新设计充电电池的电池架构推出了改良型充电电池技术方案。该公司主要通过物理而非化学层面对电池进行改良，公司研发的具有专利保护的可延展3D金属制造技术可以显著增强汽车电池的续航里程和使用寿命。,暂未收录该公司团队信息 请告诉我们，让我们做得更好 
2020-04-02,小电,智能硬件,C轮,数亿人民币,"苏宁, 中寰资本",260000,智能硬件、消费电子、共享经济,小电是一家硬件公司，专注于无线充电和智能硬件领域的前沿技术，致力于改变人们的生活方式，实现便捷出行，能源随处可及，目前主打充电宝租赁服务。,唐永波 CEO 唐永波，小电科技创始人、前美哒网络创始人，是原阿里巴巴淘宝本地生活行业、淘点点业务及淘宝食品农业特色中国业务负责人。 宁九云 总裁 2019年2月加入小电，任总裁，负责公司IoT、集团法务、知识产权和政府关系等方面工作；2015年加入秒针系统，全面负责公司的内部财务、法务管理及风控管理。其拥有丰富的上市公司财务管理、战略投资并购、投资者关系维护方面的经验，同时其在企业业务运营管理方面也有很多经验。2011年-2015年， 其曾在盛大集团的盛大云担任代理CEO兼CFO，主管业务和财务；在盛大文学担任投资者关系副总裁，负责IPO筹备和战略合作工作。在此之前， Melissa在北京文思信息技术有限公司担任企业发展和投资者关系副总裁，负责并购、投资者关系和商务管理等。Melissa拥有Rutgers University的MBA学位和北京外国语大学的硕士学位。 
2020-04-01,理想晶延,传统制造,战略投资,未透露,浙民投,50000,传统制造、环保、环保,理想晶延是一个硬件开发商，专注于通过新能源、新材料开发制造太阳能电池制造关键设备和发光二极管制造设备，致力于推动制造业的节能环保的发展。,"王永才 CEO 王永才是理想晶延半导体设备（上海）有限公司的创始人，历任浙江正泰电器股份有限公司财务总监、正泰电气股份有限公司 董事、副总裁，浙江正泰太阳能科技有限公司执行董事，以及正泰集团股份有限公司副总裁。此外，王先生还担任中国会计师协会常务理事、浙江会计师协会副会长 等职务，并被授予“浙江省第一届优秀总会计师”、“中国优秀CFO”等荣誉称号。 奚明 副总裁 奚明是理想晶延半导体设备（上海）有限公司的副总裁，中国科学技术大学学士，美国哥伦比亚大学（Columbia University）博士，美国麻省理工学院（Massachusetts Institute of Technology）博士后，曾任美国应用材料公司（Applied Materials）副总裁，全面负责美国应用材料公司AKT部门的PVD和EBT事业部工作。拥有15年半导体制造领域专业技术经验，荣获技术专利多达80项。曾负责开发了MOCVD，MCVD, ALD, PVD, EBT等多种世界领先覆膜设备。 陈金元 副总裁 陈金元，上海理想万里晖创始人、董事长；理想晶延半导体设备（上海）有限公司的创始人，PECVD总经理，中国科学技术大学学士及硕士，美国犹他大学（University of Utah）博士、博士后，曾在美国应用材料公司（Applied Materials）和中微半导体设备公司担任高管职务。拥有30年半导体领域专业技术工作经验，荣获42项技术专利, 发表了30多篇学术论文。曾开发多种最先进半导体设备反应腔的射频及等离子系统并获上海市科学技术奖一等奖。 刘凯 LPCVD总经理 刘凯，理想晶延LPCVD总经理。 胡兵 公共工程总经理 胡兵是理想晶延半导体设备（上海）有限公司的公共工程总经理，武汉科技大学学士，美国俄勒冈州立大学（Oregon State University）硕士，曾在美国科天半导体设备公司（KLA-Tencor），Brooks-Pri Automation等公司工作，拥有18年半导体领域专业技术工作经验。开发多种半导体晶片传输, 检测和自动化设备并获上海市科学技术奖一等奖。 展开全部 "
2020-04-01,莱特光电,先进制造,新三板定增,数亿人民币,"君联资本（领投）, 建发新兴",150000,先进制造、新材料、电子元器件,莱特光电是一家光电材料研发制造商，专业从事OLED材料、液晶材料、高纯电子化学品及专用化学品的研发、生产及销售，主要产品包括OLED材料及中间体、液晶单体及中间体、高纯电子化学及专用化学品等，应用于OLED/LCD产业、集成电路产业、太阳能光伏产业等。,王亚龙 董事长 王亚龙，1996年7月毕业于西北大学，学士学位，西安交通大学EMBA在读；1996年-1998年任咸阳偏转集团国际贸易部客户经理；1999年-2001年任咸阳偏转集团国际贸易部部门经理；2001年-2008年任陕西鸿瑞贸易有限公司总经理；2008年-2011年任中外合资企业陕西捷盈电子科技有限公司总经理。 
2020-03-30,中闽能源,先进制造,IPO上市后,23.39亿人民币,福建投资集团,1169500,先进制造、新能源、新能源,"中闽能源是一家风力发电商，主要从事风力发电、能源投资、电力生产和设备安装等，业务还涉及太阳能等清洁能源的开发。
",暂未收录该公司团队信息 请告诉我们，让我们做得更好 
2020-03-27,汇电云联,先进制造,A+轮,未透露,琢石投资,10000,先进制造、新能源、大数据,汇电云联是一家关于电力能源市场的互联网公司，专注于构建电力交易、电能数据和金融服务平台，针对电力零售市场，为售电公司与电力用户提供全周期在线购售电服务；针对电力批发市场，为售电公司与发电企业提供数据分析与价值服务。公司产品涵盖购售电、能效管理、增值服务、金融服务四大业务体系。,胡佳 总经理 胡佳，广州汇电云联互联网科技有限公司总经理，1994年进入广东队，1999年11月入选国家队，2000年8月获得悉尼奥运会双人、单人10米台银牌，2002年参加全国跳水锦标赛男子10米跳台双人冠军，2004年8月夺得雅典奥运会男子10米台冠军。 
2020-03-25,BluWave-ai,先进制造,种子轮,270万美元,Sustainable Development Technology Canada,8775,先进制造、新能源、工业4.0,BluWave-ai是一个基于SaaS的加拿大网格能源优化平台，公司使用人工智能和大数据分析，将智能技术引入电网，以提高其负担能力、可靠性和可持续性，BluWave-ai可以提高电网弹性，保护本地能源供应免受极端天气和网络攻击，以及降低全球能源供应市场的波动风险，其提供的解决方案可以用于工业客户、公用事业和电力车队运营商的可持续能源转换。,暂未收录该公司团队信息 请告诉我们，让我们做得更好 
2020-03-12,微导纳米,先进制造,A轮,数千万人民币,"毅达资本（领投）, 君联资本, 冯源投资",10000,先进制造、智能装备、工业4.0,微导纳米是一家面向全球的高端设备制造商，专注于先进薄膜沉积和刻蚀装备的开发、设计、生产和服务。微导的业务涵盖新能源、柔性电子、半导体和纳米技术等工业领域。,王磊 董事长 王磊，微导纳米董事长。 
2020-03-12,海永顺新能源,先进制造,B轮,未透露,安芙兰资本,15000,先进制造、新能源、工业4.0,青岛海永顺新能源科技有限公司源于海尔创客文化驱动，依托海尔网络资源、国际商社大项目市场竞争力、行业新能源人才联合创业，针对行业痛点，挖掘商社平台资源优势，愿景成为新能源行业方案智能集成的首选平台。,暂未收录该公司团队信息 请告诉我们，让我们做得更好 
2020-03-11,晶瑞化学,生产制造,IPO上市后,3亿人民币,"李虎林, 徐萍",150000,传统制造、化工产业、新材料,晶瑞化学是一家微电子化学品及其它精细化工品生产商，公司的产品主要包括超净高纯试剂、光刻胶、功能性材料以及锂电池粘结剂等，可应用于半导体、光伏太阳能电池、LED等相关行业，具体应用到下游电子信息产品的清洗、光刻、制备等工艺环节。,吴天舒 董事长 吴天舒，苏州晶瑞化学股份有限公司董事长 
2020-02-26,挚达科技,传统制造,C轮,未透露,中电投融,25000,传统制造、环保、环保,挚达科技是一家新能源汽车智能充电产品研发商，通过充电产品和车联网智能硬件的研发，结合电动汽车充电和绿色出行开放式共享平台，与电动汽车厂家及运营商，解决电动汽车用户出行问题。,黄志明 创始人 同济大学汽车系本科，复旦大学-香港大学IMBA，同济大学经济与管理学院博士，同济大学创新与创业兼职教授，德国联邦电动出行协会中国区主席，上海绿色出行服务产业创新联盟副理事长、秘书长，拥有上海大众汽车及大众动力总成12年工作经验，先后担任现场工程师、公司技术员、技术部门经理、规划及物流部总监等职务； 
2020-02-25,冠宇电池,先进制造,战略投资,数亿人民币,"华金资本(力合股份), 苏州吉富苏化投资管理, 共青城泰复投资",150000,先进制造、新能源、电池,冠宇电池是一家聚合物锂离子电池供应商，是集锂电池研发、生产、销售于一体的中外合资企业。主导产品为聚合物锂离子电池。,徐延铭 董事长 徐延铭，冠宇电池董事长兼总经理。 
2020-02-24,NAWA Technologies,先进制造,战略投资,1300万欧元,"Supernova Invest, Bpifrance, RégionSud Investissement, EIT InnoEnergy, Eurowatt / Davaniere Capital Partners, emeter, CAAP Creation, K",50700,先进制造、新能源、新能源,NAWA Technologies是一家能源存储系统制造商， 已开发出一种能源解决方案， 新产品可以存储的电量比传统电池多100 倍，成本却比传统电池低150倍，并且将日益增长的电池废物对环境的影响降低了五倍，NAWATechnologies的新型碳纳米超级电池和应用的纳米技术正在改变能源领域。,暂未收录该公司团队信息 请告诉我们，让我们做得更好 
2020-02-15,研一新材料,先进制造,战略投资,未透露,晨道投资,50000,先进制造、新能源、新材料,研一新材料是一家以“加速传统能源向新能源转换”为使命愿景的新能源、新材料科技创新驱动型公司。目前以开发锂电池新型功能材料为核心业务，包括正负极水性粘结剂、高安全性隔膜涂覆粘结剂、导电型粘结剂，及其它功能型特种高分子材料、各类特种功能添加剂、高端电解液配方等领域，并布局未来十年可突破技术壁垒、实现产业化的新能源、新材料、环保材料领域。,岳敏 总经理 岳敏，研一新材料总经理。 
2020-02-13,AEML,先进制造,战略投资,4.5亿美元,卡塔尔投资局QIA,1170000,先进制造、新能源、环保,AEML是一家综合配电及输电服务商，目前在世界第七大城市（按人口计算）孟买大约400平方公里的许可地区为300多万消费者提供服务。,暂未收录该公司团队信息 请告诉我们，让我们做得更好 
2020-01-22,格林晟科技,先进制造,战略投资,未透露,基石资本,50000,先进制造、新能源、新能源,"格林晟科技是一家锂电池设备生产商，集研发、制造、销售于一体，专注于数码类电池、动力电池的生产关联设备的整体方案，为用户提供模切机系列、叠片机系列、卷绕机系列、组装自动线、注液机系列，以及MES系统等产品。
",暂未收录该公司团队信息 请告诉我们，让我们做得更好 
2020-01-22,冠宇电池,先进制造,战略投资,数亿人民币,"盈科资本, 格力电器, 联想创投, 海富产业投资, Morgan Stanley摩根士丹利, 俱成资本, 春华资本Primavera, 深创投",800000,先进制造、新能源、电池,冠宇电池是一家聚合物锂离子电池供应商，是集锂电池研发、生产、销售于一体的中外合资企业。主导产品为聚合物锂离子电池。,徐延铭 董事长 徐延铭，冠宇电池董事长兼总经理。 
2020-01-21,英磁电动车,汽车交通,A轮,未透露,"元禾控股, 领军创投",10000,汽车交通、汽车零部件、汽车配件,英磁新能源是一家新能源汽车零部件研发商，公司主要从事新能源汽车零部件的研发与生产，主要产品为驱动电机、涵盖电动车轮毂电机、双百、高转速乘用车、电动巴士商用车等使用的驱动电机等。,裴瑞琳 CEO 裴瑞琳，英磁电动车CEO。 
2020-01-21,衡远新能源,先进制造,战略投资,2041万美元,江苏天开,66332.5,先进制造、新能源、新能源,衡远新能源是一家锂离子电池生产及销售商，主要从事锂离子电池、汽车动力电池、新能源电池的研发、生产及销售。,金吉刚 董事长 金吉刚，衡远新能源董事长。 
2020-01-20,Rebound Technologies,先进制造,A轮,500万美元,"Skyview Ventures（领投）, Autodesk, Clean Energy Ventures（领投）",16250,先进制造、新能源、新能源,Rebound Technologies是一家冷却系统开发商，开发了一种能源节约型并且成本较低的冷却系统，可以代替传统的蒸汽压缩冷却系统。新的冷却系统能够运用到食品存储等多个行业。,暂未收录该公司团队信息 请告诉我们，让我们做得更好 
2020-01-20,金晶科技,先进制造,天使轮,1200万人民币,,6000,先进制造、新材料、新材料,金晶科技主要生产超白玻璃、离线镀膜玻璃、在线镀膜玻璃、阳光膜玻璃，颜色玻璃、防火玻璃、汽车玻璃、低盐重质玻璃纯碱、轻质纯碱、小苏打及小苏打洗涤剂等产品，主要为建筑、汽车、太阳能、工业品等细分市场提供绿色、环保、节能、安全等差异化产品及服务。,王刚 董事长 王刚，金竟科技董事长。 
2020-01-18,力可兴,先进制造,战略投资,600万人民币,光宇国际集团科技,3000,先进制造、新能源、新能源,力可兴致力于环保型移动储能电源的研发、生产和市场开拓。主导产品为新一代环保型镍氢充电电池，其中“超低自放电镍氢充电电池”、“9V镍氢充电电池”和“高温镍氢充电电池”具有先进水平。作为“国家级高新技术企业”，我司销售收入及出口额均居于我国新能源镍氢电池行业的前列。,高学锋 CEO 高学锋，力可兴CEO。 
2020-01-17,太洋科技,先进制造,C轮,未透露,"中国风投, 金茂资本",25000,先进制造、军工制造、新材料,上海太洋科技有限公司（原名上海牧泓实业有限公司）专业从事精细高端特种材料定制加工企业，在境内投资的加工厂主要集中在中国江苏，公司自创建以来，先后投入上亿资金用于军工特殊材料的自主研发，立足国内市场，开拓国际市场。公司拥有从原料、合成、提纯、净化到成品的工艺板块。,暂未收录该公司团队信息 请告诉我们，让我们做得更好 
2020-01-16,中车新能源科技,先进制造,战略投资,未透露,"德丰杰正道, , 东方富海, 荷塘创投（启迪创投）, 宇通客车, 常州高新投, 中国中车, 龙城英才创投, 上海电气",50000,先进制造、新能源、新材料,"中车新能源科技是一家电容器研发服务提供商，主要提供电容器复合材料、电容器电极、电容器单体、储能电源模组、系统集成等的研发，主要为用户提供电容驱动与能量回馈方案及装备。
",暂未收录该公司团队信息 请告诉我们，让我们做得更好 
2020-01-16,华电天仁,先进制造,战略投资,2711万人民币,国电科环,13555,先进制造、新能源、工业4.0,华电天仁是由国电科技环保集团股份有限公司和华北电力大学共同组建的国有高新技术企业，拥有强大的产业、技术、人才和专业背景。公司定位于“信息与控制技术”领域，围绕节能、环保、新能源以及传统工业革新改造开展业务。公司通过不断创新，已经形成了风力发电机组变桨控制系统、现场总线系统、信息化及智能楼宇系统等优势业务，正在推进储能应用、优化与节能技术、微网系统等前沿业务，形成了生产一代、研发一代、储备一代的多元发展产业格局。,高彦超 董事长 高彦超，华电天仁董事长。 
2020-01-14,楚睿智能,先进制造,天使轮,未透露,安徽高新投,500,先进制造、新能源、新能源,楚睿智能是一家锂电池储能系统研发商，旗下CR锂电池储能系统（柜式）该系列产品是主要针对高端工业企业，数据中心等大功率用电场景而设计的高倍率、大功率储能系统，具有高稳定性、高安全性等特点，实时保障用户的电力需求。同时该系统配备的高精度BMS，能够完美实现对锂电池模块的管理，发挥锂电池储能的最大优势。,暂未收录该公司团队信息 请告诉我们，让我们做得更好 
